zone,timestamp_utc,cross_border_electricity_trading,nuclear,biomass,fossil_hard_coal,fossil_gas,others,waste,wind_offshore,wind_onshore,solar,load,residual_load,renewable_share_of_load,renewable_share_of_generation,source
NL,2024-12-31 23:00:00+00:00,-1194.2,486.4,14.0,312.5,811.2,4207.1,339.6,3436.7,2420.6,0.0,12075.1,6217.9,50.0,50.2,Fraunhofer Energy-Charts
NL,2024-12-31 23:15:00+00:00,-1174.0,486.4,14.0,320.9,816.7,4032.6,339.0,3538.9,2356.3,0.0,12038.3,6143.0,50.5,51.1,Fraunhofer Energy-Charts
NL,2024-12-31 23:30:00+00:00,-1169.8,486.5,14.1,302.1,803.4,4080.3,345.2,3388.3,2290.4,0.0,12086.7,6408.0,48.5,50.1,Fraunhofer Energy-Charts
NL,2024-12-31 23:45:00+00:00,-1160.4,486.5,14.2,290.3,782.7,4169.2,348.4,3449.0,2278.8,0.0,11997.0,6269.2,49.3,50.1,Fraunhofer Energy-Charts
NL,2025-01-01 00:00:00+00:00,-711.1,486.7,14.1,287.3,774.6,4022.9,348.4,3101.8,2247.3,0.0,12025.6,6676.5,46.0,49.1,Fraunhofer Energy-Charts
NL,2025-01-01 00:15:00+00:00,-674.1,486.7,14.5,280.1,778.8,3976.4,348.7,3145.4,2248.3,0.0,12014.4,6620.7,46.5,49.5,Fraunhofer Energy-Charts
NL,2025-01-01 00:30:00+00:00,-692.5,486.8,14.1,277.9,771.1,3901.3,347.8,3091.1,2276.8,0.0,11963.7,6595.7,46.4,49.8,Fraunhofer Energy-Charts
NL,2025-01-01 00:45:00+00:00,-632.2,486.8,13.9,287.3,777.3,3883.2,346.1,3105.0,2224.7,0.0,11826.1,6496.5,46.6,49.6,Fraunhofer Energy-Charts
NL,2025-01-01 01:00:00+00:00,-1221.6,486.9,13.4,290.9,886.3,3991.9,343.9,3348.8,2297.0,0.0,11773.7,6127.9,49.5,50.0,Fraunhofer Energy-Charts
NL,2025-01-01 01:15:00+00:00,-1176.4,486.8,15.1,275.5,834.1,4086.2,338.3,3417.4,2306.5,0.0,11639.9,5916.0,50.8,50.2,Fraunhofer Energy-Charts
NL,2025-01-01 01:30:00+00:00,-1170.1,486.9,15.2,288.7,783.6,3982.9,345.7,3333.5,2296.6,0.0,11628.8,5998.7,50.0,50.4,Fraunhofer Energy-Charts
NL,2025-01-01 01:45:00+00:00,-1171.3,486.8,15.3,285.3,776.8,4016.1,340.6,3407.6,2293.6,0.0,11501.9,5800.6,51.2,50.7,Fraunhofer Energy-Charts
NL,2025-01-01 02:00:00+00:00,-1521.5,486.9,15.0,273.7,772.8,4015.8,345.1,3495.6,2288.4,0.0,11446.0,5662.0,52.2,51.1,Fraunhofer Energy-Charts
NL,2025-01-01 02:15:00+00:00,-1544.0,487.4,14.9,282.8,777.2,4118.4,350.1,3481.9,2274.2,0.0,11299.6,5543.4,52.6,50.4,Fraunhofer Energy-Charts
NL,2025-01-01 02:30:00+00:00,-1520.5,486.8,14.9,292.3,765.9,4036.5,346.7,3433.2,2241.3,0.0,11281.3,5606.8,52.0,50.5,Fraunhofer Energy-Charts
NL,2025-01-01 02:45:00+00:00,-1518.9,486.8,15.1,284.6,775.9,3989.8,348.4,3248.4,2265.2,0.0,11214.8,5701.2,50.9,50.0,Fraunhofer Energy-Charts
NL,2025-01-01 03:00:00+00:00,-1532.1,486.8,14.6,279.9,805.5,3962.8,349.0,3168.0,2207.4,0.0,11229.2,5853.7,49.6,49.4,Fraunhofer Energy-Charts
NL,2025-01-01 03:15:00+00:00,-1496.8,486.7,14.8,272.2,809.7,4034.8,348.3,3235.8,2284.6,0.0,11114.8,5594.5,51.4,49.7,Fraunhofer Energy-Charts
NL,2025-01-01 03:30:00+00:00,-1514.0,486.8,15.2,275.6,812.3,4109.6,343.8,3116.6,2332.8,0.0,11093.1,5643.8,50.8,49.0,Fraunhofer Energy-Charts
NL,2025-01-01 03:45:00+00:00,-1511.3,486.8,14.8,276.5,785.9,4026.5,346.7,3099.9,2314.3,0.0,11103.7,5689.5,50.5,49.4,Fraunhofer Energy-Charts
NL,2025-01-01 04:00:00+00:00,-930.5,486.7,14.6,282.3,782.9,3919.6,351.2,2818.8,2272.8,0.0,11206.6,6115.1,47.1,48.3,Fraunhofer Energy-Charts
NL,2025-01-01 04:15:00+00:00,-921.6,486.7,14.8,286.8,788.6,3828.3,351.5,2633.5,2306.8,0.0,11214.1,6273.9,45.8,48.0,Fraunhofer Energy-Charts
NL,2025-01-01 04:30:00+00:00,-928.5,486.6,14.7,285.1,792.1,3985.0,350.0,2701.8,2314.8,0.0,11147.2,6130.6,46.7,47.6,Fraunhofer Energy-Charts
NL,2025-01-01 04:45:00+00:00,-928.9,486.6,14.7,280.8,783.6,3951.7,354.9,2703.7,2325.7,0.0,11175.4,6146.1,46.7,47.9,Fraunhofer Energy-Charts
NL,2025-01-01 05:00:00+00:00,-1025.4,486.6,14.5,278.9,770.0,3956.9,364.8,2764.3,2318.7,0.0,11324.2,6241.2,46.6,48.2,Fraunhofer Energy-Charts
NL,2025-01-01 05:15:00+00:00,-1050.4,486.6,15.0,279.2,774.0,3908.7,356.9,2848.7,2297.5,0.0,11400.4,6254.3,46.8,48.7,Fraunhofer Energy-Charts
NL,2025-01-01 05:30:00+00:00,-1055.6,486.5,15.1,280.1,794.4,4029.3,355.6,2932.9,2325.8,0.0,11335.3,6076.6,48.1,48.6,Fraunhofer Energy-Charts
NL,2025-01-01 05:45:00+00:00,-1040.2,486.5,14.7,281.3,763.1,3939.4,358.2,2757.9,2296.9,0.0,11481.4,6426.6,45.7,48.2,Fraunhofer Energy-Charts
NL,2025-01-01 06:00:00+00:00,-495.7,486.4,14.4,281.4,762.5,3844.4,352.6,2678.0,2231.2,0.0,11577.5,6668.3,44.0,47.9,Fraunhofer Energy-Charts
NL,2025-01-01 06:15:00+00:00,-509.2,486.4,14.2,282.1,777.5,3814.2,348.3,2699.6,2238.4,0.0,11679.5,6741.5,43.9,48.1,Fraunhofer Energy-Charts
NL,2025-01-01 06:30:00+00:00,-475.4,486.3,13.8,284.3,769.0,3816.2,350.4,2681.7,2262.6,0.0,11737.1,6792.9,43.7,48.1,Fraunhofer Energy-Charts
NL,2025-01-01 06:45:00+00:00,-518.9,486.3,14.3,284.8,784.5,3805.3,351.0,2705.8,2265.5,0.0,11787.4,6816.1,43.8,48.2,Fraunhofer Energy-Charts
NL,2025-01-01 07:00:00+00:00,32.8,486.3,14.1,282.6,763.3,3682.4,350.1,2550.5,2161.2,0.0,11940.1,7228.4,41.0,47.6,Fraunhofer Energy-Charts
NL,2025-01-01 07:15:00+00:00,42.4,486.3,13.9,280.4,767.1,3721.3,357.5,2544.8,2217.7,0.0,12002.5,7240.0,41.3,47.7,Fraunhofer Energy-Charts
NL,2025-01-01 07:30:00+00:00,188.1,486.2,14.2,280.4,771.6,3759.4,358.0,2634.2,2251.6,0.0,12082.6,7196.9,42.0,48.1,Fraunhofer Energy-Charts
NL,2025-01-01 07:45:00+00:00,167.4,486.2,15.1,280.0,796.5,3704.4,352.8,2535.8,2245.5,0.0,12140.9,7359.6,41.0,47.7,Fraunhofer Energy-Charts
NL,2025-01-01 08:00:00+00:00,697.9,486.2,14.7,279.2,827.4,3748.4,357.2,2322.8,2257.7,0.0,12268.9,7688.3,38.9,46.4,Fraunhofer Energy-Charts
NL,2025-01-01 08:15:00+00:00,737.2,486.2,14.9,280.0,847.7,3813.8,356.2,2250.3,2148.4,0.5,12394.0,7994.8,37.1,45.0,Fraunhofer Energy-Charts
NL,2025-01-01 08:30:00+00:00,817.9,486.2,14.6,279.1,854.7,3810.1,352.0,2217.0,2147.8,1.4,12545.6,8179.3,36.3,44.8,Fraunhofer Energy-Charts
NL,2025-01-01 08:45:00+00:00,814.2,486.2,14.7,278.8,860.0,3826.9,350.2,2209.5,2211.2,2.5,12734.0,8310.9,36.2,45.0,Fraunhofer Energy-Charts
NL,2025-01-01 09:00:00+00:00,1541.3,486.2,14.5,279.8,865.7,3961.2,345.5,2015.6,2134.4,2.5,12883.7,8731.2,33.7,42.9,Fraunhofer Energy-Charts
NL,2025-01-01 09:15:00+00:00,1540.2,486.2,14.6,282.8,864.5,3831.5,343.8,2063.5,2125.1,3.3,13071.3,8879.4,33.5,43.7,Fraunhofer Energy-Charts
NL,2025-01-01 09:30:00+00:00,1579.5,486.3,14.7,281.0,847.8,3917.2,343.0,2006.0,2128.7,4.3,13164.2,9025.2,32.9,43.1,Fraunhofer Energy-Charts
NL,2025-01-01 09:45:00+00:00,1578.5,486.3,14.5,282.0,848.0,4163.9,339.5,2055.1,2081.7,5.4,13207.1,9064.9,32.8,42.1,Fraunhofer Energy-Charts
NL,2025-01-01 10:00:00+00:00,2417.7,486.3,14.3,280.0,819.2,4054.4,343.1,1678.5,2027.8,6.9,13426.8,9713.5,29.0,40.2,Fraunhofer Energy-Charts
NL,2025-01-01 10:15:00+00:00,2437.0,486.3,14.1,280.5,827.0,3991.7,341.4,1593.6,1920.1,9.1,13563.4,10040.5,27.3,39.2,Fraunhofer Energy-Charts
NL,2025-01-01 10:30:00+00:00,2356.0,486.4,14.6,280.7,832.6,4106.9,350.0,1545.6,1964.5,9.8,13630.7,10110.9,27.2,38.7,Fraunhofer Energy-Charts
NL,2025-01-01 10:45:00+00:00,2348.8,486.4,13.9,280.5,845.8,4235.9,342.4,1475.9,1999.7,11.9,13714.7,10227.1,26.8,37.9,Fraunhofer Energy-Charts
NL,2025-01-01 11:00:00+00:00,2462.2,486.4,14.1,282.1,953.5,4268.8,341.2,1536.6,1965.3,15.2,13835.8,10318.7,26.8,37.5,Fraunhofer Energy-Charts
NL,2025-01-01 11:15:00+00:00,2429.8,487.0,14.2,281.9,935.3,4392.2,339.1,1510.9,1984.1,17.8,13901.5,10388.7,26.6,37.1,Fraunhofer Energy-Charts
NL,2025-01-01 11:30:00+00:00,2428.3,486.5,14.4,281.9,893.5,4486.9,339.2,1493.8,1977.0,18.6,13927.4,10438.0,26.4,36.8,Fraunhofer Energy-Charts
NL,2025-01-01 11:45:00+00:00,2405.3,486.6,14.3,280.2,926.8,4508.6,334.5,1530.2,1981.9,15.7,13967.4,10439.6,26.6,36.8,Fraunhofer Energy-Charts
NL,2025-01-01 12:00:00+00:00,2568.7,486.7,14.0,276.9,969.0,4314.8,339.0,1624.3,2001.6,12.2,14061.0,10423.0,27.2,38.1,Fraunhofer Energy-Charts
NL,2025-01-01 12:15:00+00:00,2562.5,486.8,14.1,296.3,906.0,4217.1,335.2,1763.5,2003.7,14.1,14137.6,10356.2,28.0,39.5,Fraunhofer Energy-Charts
NL,2025-01-01 12:30:00+00:00,2543.2,486.8,14.0,304.8,894.7,4148.3,337.3,1925.5,2006.5,13.9,14164.6,10218.7,29.1,40.7,Fraunhofer Energy-Charts
NL,2025-01-01 12:45:00+00:00,2508.2,486.9,13.9,312.5,892.5,4092.1,331.3,1954.7,1999.3,13.5,14198.8,10231.1,29.2,41.1,Fraunhofer Energy-Charts
NL,2025-01-01 13:00:00+00:00,2816.1,486.9,14.0,303.3,904.4,3992.5,329.2,1923.1,1958.7,9.4,14320.7,10429.4,28.4,41.0,Fraunhofer Energy-Charts
NL,2025-01-01 13:15:00+00:00,2804.8,487.0,14.0,291.1,945.8,4079.3,326.5,1900.5,1965.6,8.1,14293.8,10419.6,28.3,40.4,Fraunhofer Energy-Charts
NL,2025-01-01 13:30:00+00:00,2656.5,487.0,14.4,290.2,917.4,4092.0,327.7,2057.1,1972.8,6.1,14321.5,10285.5,29.4,41.5,Fraunhofer Energy-Charts
NL,2025-01-01 13:45:00+00:00,2654.6,487.0,14.1,304.7,892.1,4107.5,327.4,2114.7,2161.3,5.5,14401.3,10119.7,31.0,42.8,Fraunhofer Energy-Charts
NL,2025-01-01 14:00:00+00:00,1632.9,487.0,13.9,309.1,1080.4,4283.6,329.1,2362.7,2270.0,4.1,14288.0,9651.2,33.7,43.2,Fraunhofer Energy-Charts
NL,2025-01-01 14:15:00+00:00,1611.4,487.0,13.8,326.0,934.5,4367.7,321.4,2619.6,2317.3,2.1,14175.2,9236.2,36.1,44.9,Fraunhofer Energy-Charts
NL,2025-01-01 14:30:00+00:00,1612.6,487.0,13.7,325.7,865.7,4293.6,322.2,2642.8,2386.1,0.8,14446.8,9417.0,36.0,45.9,Fraunhofer Energy-Charts
NL,2025-01-01 14:45:00+00:00,1596.0,487.0,13.8,319.9,976.7,4433.9,328.0,2642.8,2373.0,0.2,14408.3,9392.2,36.0,44.9,Fraunhofer Energy-Charts
NL,2025-01-01 15:00:00+00:00,1280.9,487.0,14.3,323.5,908.2,4406.9,326.4,2940.7,2352.6,0.1,14565.2,9271.8,37.6,46.5,Fraunhofer Energy-Charts
NL,2025-01-01 15:15:00+00:00,1251.6,487.0,13.8,323.2,950.0,4327.6,328.1,3288.0,2314.4,0.0,14634.0,9031.5,39.5,48.0,Fraunhofer Energy-Charts
NL,2025-01-01 15:30:00+00:00,1279.9,486.9,13.2,309.2,974.5,4284.4,328.0,3489.5,2367.2,0.0,14885.3,9028.7,40.5,49.2,Fraunhofer Energy-Charts
NL,2025-01-01 15:45:00+00:00,1268.9,486.9,13.3,305.3,995.6,4481.8,321.7,3537.4,2351.1,0.0,14991.7,9103.2,40.4,48.5,Fraunhofer Energy-Charts
NL,2025-01-01 16:00:00+00:00,975.0,486.9,13.2,301.4,1078.4,4527.1,321.1,3473.1,2259.8,0.0,15145.2,9412.3,39.0,47.4,Fraunhofer Energy-Charts
NL,2025-01-01 16:15:00+00:00,975.0,486.9,13.5,293.3,1382.3,4613.4,328.9,3665.1,2065.6,0.0,15126.7,9396.0,39.1,46.0,Fraunhofer Energy-Charts
NL,2025-01-01 16:30:00+00:00,975.0,486.9,12.8,294.8,1202.5,4768.0,328.0,3697.7,1905.8,0.0,15234.7,9631.1,37.9,45.5,Fraunhofer Energy-Charts
NL,2025-01-01 16:45:00+00:00,975.0,486.9,13.5,304.0,1407.5,4910.2,336.1,3769.4,1763.1,0.0,15269.5,9737.0,37.4,44.0,Fraunhofer Energy-Charts
NL,2025-01-01 17:00:00+00:00,574.7,486.9,13.2,343.0,1396.5,4981.3,336.5,3736.5,1739.9,0.0,15130.3,9653.9,37.4,43.4,Fraunhofer Energy-Charts
NL,2025-01-01 17:15:00+00:00,574.7,486.8,13.3,387.7,1527.8,4878.3,340.3,3609.7,1815.8,0.0,15046.8,9621.3,37.3,42.9,Fraunhofer Energy-Charts
NL,2025-01-01 17:30:00+00:00,571.9,486.8,13.2,426.7,1433.2,4836.9,346.4,3581.4,1824.3,0.0,14934.0,9528.4,37.4,43.2,Fraunhofer Energy-Charts
NL,2025-01-01 17:45:00+00:00,568.9,486.7,14.0,421.1,1373.1,4774.2,343.3,3557.7,1795.6,0.0,14824.6,9471.3,37.4,43.4,Fraunhofer Energy-Charts
NL,2025-01-01 18:00:00+00:00,481.9,486.7,13.5,380.6,1580.4,4751.1,342.2,3496.2,1821.3,0.0,14701.6,9384.2,37.4,42.7,Fraunhofer Energy-Charts
NL,2025-01-01 18:15:00+00:00,481.9,486.6,14.2,394.0,1476.0,4682.0,341.4,3367.5,1876.6,0.0,14572.7,9328.6,37.3,43.0,Fraunhofer Energy-Charts
NL,2025-01-01 18:30:00+00:00,481.9,486.6,13.5,423.4,1430.0,4708.9,343.0,3363.2,1875.9,0.0,14511.0,9271.9,37.4,42.9,Fraunhofer Energy-Charts
NL,2025-01-01 18:45:00+00:00,481.9,486.6,13.8,422.2,1243.4,4713.4,345.6,3466.3,1959.5,0.0,14484.2,9058.4,38.7,44.4,Fraunhofer Energy-Charts
NL,2025-01-01 19:00:00+00:00,809.8,486.6,14.1,388.0,1059.9,4391.8,353.7,3614.1,1969.0,0.0,14499.0,8915.8,39.8,47.0,Fraunhofer Energy-Charts
NL,2025-01-01 19:15:00+00:00,809.8,486.5,14.2,388.7,1082.4,4267.6,352.2,3702.1,1973.5,0.0,14427.5,8752.0,40.7,47.8,Fraunhofer Energy-Charts
NL,2025-01-01 19:30:00+00:00,775.1,486.5,14.2,409.3,1023.6,4202.8,355.7,3621.7,1994.0,0.0,14365.1,8749.4,40.4,48.0,Fraunhofer Energy-Charts
NL,2025-01-01 19:45:00+00:00,772.0,486.5,13.9,395.6,1023.7,4108.6,356.3,3641.9,2004.2,0.0,14213.3,8567.2,41.1,48.5,Fraunhofer Energy-Charts
NL,2025-01-01 20:00:00+00:00,898.4,486.5,13.9,327.5,1004.8,3888.2,357.5,3534.5,2052.6,0.0,14197.5,8610.5,40.7,49.5,Fraunhofer Energy-Charts
NL,2025-01-01 20:15:00+00:00,911.2,486.4,14.0,292.7,1040.9,3784.1,348.8,3562.6,2073.1,0.0,14004.4,8368.8,41.6,50.2,Fraunhofer Energy-Charts
NL,2025-01-01 20:30:00+00:00,883.1,487.0,14.2,281.6,1044.8,3678.7,355.1,3363.7,2081.8,0.0,13905.7,8460.2,40.5,49.9,Fraunhofer Energy-Charts
NL,2025-01-01 20:45:00+00:00,872.5,486.4,14.0,309.3,1074.1,3739.9,352.7,3271.0,2175.5,0.0,13718.8,8272.4,41.1,49.3,Fraunhofer Energy-Charts
NL,2025-01-01 21:00:00+00:00,616.7,486.4,14.2,287.2,1139.6,3664.1,347.9,3391.0,2164.9,0.0,13605.1,8049.2,42.2,50.0,Fraunhofer Energy-Charts
NL,2025-01-01 21:15:00+00:00,599.0,486.4,14.0,277.0,1146.6,3627.1,350.4,3387.2,2216.1,0.0,13385.2,7782.0,43.3,50.3,Fraunhofer Energy-Charts
NL,2025-01-01 21:30:00+00:00,509.5,486.4,13.8,276.1,1146.3,3552.3,354.1,3230.9,2179.4,0.0,13236.1,7825.8,42.3,49.8,Fraunhofer Energy-Charts
NL,2025-01-01 21:45:00+00:00,523.7,486.4,13.9,277.8,1180.5,3650.4,349.6,3125.9,2184.5,0.0,13001.1,7690.7,42.3,48.8,Fraunhofer Energy-Charts
NL,2025-01-01 22:00:00+00:00,263.2,486.5,13.9,290.0,1106.6,3636.2,350.6,3197.0,2148.8,0.0,12996.9,7651.1,42.6,49.3,Fraunhofer Energy-Charts
NL,2025-01-01 22:15:00+00:00,262.8,486.5,13.7,300.8,1132.9,3474.2,345.8,3285.1,2060.6,0.0,12880.5,7534.8,43.0,49.8,Fraunhofer Energy-Charts
NL,2025-01-01 22:30:00+00:00,279.2,486.5,13.9,304.7,1099.3,3425.1,346.2,3243.2,2057.7,0.0,12630.8,7330.0,43.4,50.0,Fraunhofer Energy-Charts
NL,2025-01-01 22:45:00+00:00,256.5,486.5,14.1,305.6,1152.3,3362.7,350.9,3107.1,2003.7,0.0,12421.2,7310.3,42.7,49.2,Fraunhofer Energy-Charts
NL,2025-01-01 23:00:00+00:00,247.6,486.6,14.3,334.8,1209.8,3450.1,350.2,2645.2,1931.7,0.0,12224.1,7647.2,39.0,45.7,Fraunhofer Energy-Charts
NL,2025-01-01 23:15:00+00:00,254.5,486.6,14.8,385.8,1331.2,3688.1,360.5,2393.7,1939.8,0.0,12076.1,7742.6,37.5,42.7,Fraunhofer Energy-Charts
NL,2025-01-01 23:30:00+00:00,271.8,486.6,14.0,423.7,1517.4,3512.8,355.1,2247.7,1764.1,0.0,11962.5,7950.6,35.1,40.7,Fraunhofer Energy-Charts
NL,2025-01-01 23:45:00+00:00,271.8,486.6,14.6,419.4,1662.4,3324.6,351.7,2333.4,1678.5,0.0,11815.2,7803.3,35.6,40.9,Fraunhofer Energy-Charts
NL,2025-01-02 00:00:00+00:00,306.6,486.7,14.6,307.7,2140.2,3096.9,358.9,2073.6,1419.0,0.0,11655.0,8162.4,31.6,37.2,Fraunhofer Energy-Charts
NL,2025-01-02 00:15:00+00:00,301.1,486.7,15.1,256.0,2512.3,3104.7,368.7,1891.7,1231.6,0.0,11481.1,8357.9,28.9,33.7,Fraunhofer Energy-Charts
NL,2025-01-02 00:30:00+00:00,310.9,486.8,14.8,305.0,2643.8,2775.2,371.8,1810.3,1002.0,0.0,11342.0,8529.6,26.6,32.0,Fraunhofer Energy-Charts
NL,2025-01-02 00:45:00+00:00,309.4,486.8,15.0,348.9,2838.9,2763.2,365.2,1667.2,1015.5,0.0,11158.0,8475.3,25.8,30.3,Fraunhofer Energy-Charts
NL,2025-01-02 01:00:00+00:00,460.1,486.9,15.0,486.1,2867.4,2594.0,364.1,1536.3,973.9,0.0,11113.0,8602.9,24.4,29.0,Fraunhofer Energy-Charts
NL,2025-01-02 01:15:00+00:00,468.3,486.9,15.2,502.8,2891.8,2492.3,369.8,1572.8,915.7,0.0,11063.6,8575.2,24.3,29.1,Fraunhofer Energy-Charts
NL,2025-01-02 01:30:00+00:00,524.1,487.0,14.8,512.4,2843.6,2398.4,364.9,1673.7,865.1,0.0,11030.9,8492.0,24.8,29.9,Fraunhofer Energy-Charts
NL,2025-01-02 01:45:00+00:00,564.3,487.0,15.2,508.0,2795.2,2325.4,339.7,1556.4,802.6,0.0,11030.8,8671.8,23.1,28.8,Fraunhofer Energy-Charts
NL,2025-01-02 02:00:00+00:00,969.9,487.1,15.0,547.6,2757.0,2283.8,336.8,1513.8,759.1,0.0,10939.9,8667.0,22.5,28.2,Fraunhofer Energy-Charts
NL,2025-01-02 02:15:00+00:00,969.9,487.1,15.0,592.6,2727.1,2127.1,365.1,1421.2,739.7,0.0,10924.1,8763.2,21.6,27.8,Fraunhofer Energy-Charts
NL,2025-01-02 02:30:00+00:00,969.9,487.1,15.2,613.0,2785.3,2139.9,365.8,1464.1,744.1,0.0,10894.1,8685.8,22.1,27.9,Fraunhofer Energy-Charts
NL,2025-01-02 02:45:00+00:00,953.9,487.0,14.4,622.2,2721.4,2089.8,369.9,1477.6,705.5,0.0,10936.7,8753.7,21.8,28.1,Fraunhofer Energy-Charts
NL,2025-01-02 03:00:00+00:00,1205.1,488.1,15.0,625.8,2960.8,2127.9,371.7,1489.5,671.1,0.0,10946.9,8786.3,21.6,27.0,Fraunhofer Energy-Charts
NL,2025-01-02 03:15:00+00:00,1205.1,487.0,14.9,630.7,3007.7,2088.2,374.6,1438.0,636.4,0.0,11040.3,8965.9,20.6,26.2,Fraunhofer Energy-Charts
NL,2025-01-02 03:30:00+00:00,1205.1,487.0,15.1,614.1,3169.0,1916.3,372.2,1272.9,667.0,0.0,11108.4,9168.5,19.3,25.1,Fraunhofer Energy-Charts
NL,2025-01-02 03:45:00+00:00,1204.1,487.0,15.0,640.3,3167.7,1922.7,368.1,1307.4,616.7,0.0,11112.4,9188.3,19.1,24.9,Fraunhofer Energy-Charts
NL,2025-01-02 04:00:00+00:00,877.5,487.0,15.0,646.2,3410.3,1943.0,371.4,1395.6,572.6,0.0,11254.8,9286.6,19.3,24.5,Fraunhofer Energy-Charts
NL,2025-01-02 04:15:00+00:00,875.5,487.0,14.8,660.5,3581.3,1956.3,364.0,1393.2,582.7,0.0,11315.5,9339.6,19.2,24.0,Fraunhofer Energy-Charts
NL,2025-01-02 04:30:00+00:00,879.5,487.0,15.1,656.5,3721.3,1918.6,368.1,1468.0,564.1,0.0,11431.9,9399.9,19.5,24.3,Fraunhofer Energy-Charts
NL,2025-01-02 04:45:00+00:00,879.6,486.9,14.9,734.5,3854.1,1987.6,366.4,1466.0,636.5,0.0,11679.2,9576.7,19.7,24.1,Fraunhofer Energy-Charts
NL,2025-01-02 05:00:00+00:00,602.9,486.9,14.7,847.8,4174.3,2052.2,367.8,1466.9,506.8,0.0,12049.8,10076.0,18.0,21.9,Fraunhofer Energy-Charts
NL,2025-01-02 05:15:00+00:00,605.9,486.8,15.0,871.2,4531.4,2113.3,365.8,1313.3,475.3,0.0,12260.9,10472.3,16.2,19.5,Fraunhofer Energy-Charts
NL,2025-01-02 05:30:00+00:00,602.9,486.8,14.8,874.0,4960.9,2140.5,360.8,1199.9,519.6,0.0,12519.7,10800.3,15.3,18.1,Fraunhofer Energy-Charts
NL,2025-01-02 05:45:00+00:00,604.9,486.7,14.6,975.9,5193.3,2055.8,353.8,1462.3,456.4,0.0,12863.2,10944.5,16.4,19.2,Fraunhofer Energy-Charts
NL,2025-01-02 06:00:00+00:00,809.2,486.6,15.1,1062.7,5462.5,2052.0,348.8,1390.9,401.2,0.0,13344.9,11552.9,14.8,17.7,Fraunhofer Energy-Charts
NL,2025-01-02 06:15:00+00:00,809.2,486.6,14.3,1112.3,5662.7,2127.2,352.8,1108.9,483.4,0.0,13681.2,12088.8,13.0,15.7,Fraunhofer Energy-Charts
NL,2025-01-02 06:30:00+00:00,809.3,486.5,14.8,1120.7,5951.7,2315.1,355.4,996.9,443.5,0.0,13928.7,12488.3,11.7,14.0,Fraunhofer Energy-Charts
NL,2025-01-02 06:45:00+00:00,811.2,486.4,14.4,1130.1,6129.7,2425.8,356.2,1118.4,380.6,0.0,14257.8,12758.8,11.9,14.0,Fraunhofer Energy-Charts
NL,2025-01-02 07:00:00+00:00,1519.4,486.3,14.2,1203.4,5994.4,2164.8,350.7,1358.8,379.4,0.0,14804.2,13066.0,13.0,16.1,Fraunhofer Energy-Charts
NL,2025-01-02 07:15:00+00:00,1575.8,486.3,14.4,1300.6,6038.7,2061.6,347.1,1450.2,421.1,0.0,15157.4,13286.1,13.6,17.0,Fraunhofer Energy-Charts
NL,2025-01-02 07:30:00+00:00,1588.6,486.3,14.8,1445.6,6151.3,2180.5,349.7,1284.8,423.1,0.1,15345.7,13637.8,12.4,15.4,Fraunhofer Energy-Charts
NL,2025-01-02 07:45:00+00:00,1573.8,486.3,15.0,1568.7,6210.0,2294.3,348.1,1125.6,430.7,1.2,15517.6,13960.1,11.3,14.0,Fraunhofer Energy-Charts
NL,2025-01-02 08:00:00+00:00,1041.8,486.3,14.8,1603.4,6639.9,2453.4,345.7,1175.4,464.9,6.2,15674.7,14028.2,11.7,13.9,Fraunhofer Energy-Charts
NL,2025-01-02 08:15:00+00:00,1006.9,486.2,14.6,1725.4,6512.4,2505.0,352.3,1251.1,416.9,10.7,15718.2,14039.5,11.9,14.1,Fraunhofer Energy-Charts
NL,2025-01-02 08:30:00+00:00,918.8,486.2,15.3,1837.0,6428.7,2681.0,352.4,1123.9,401.7,21.9,15672.2,14124.7,11.1,13.0,Fraunhofer Energy-Charts
NL,2025-01-02 08:45:00+00:00,918.8,486.2,15.4,1888.3,6316.5,2914.3,342.8,905.1,383.2,33.6,15557.1,14235.2,9.7,11.4,Fraunhofer Energy-Charts
NL,2025-01-02 09:00:00+00:00,-423.8,486.8,14.9,1921.9,6791.2,3404.5,345.3,774.5,421.7,48.4,15408.4,14163.8,9.3,10.1,Fraunhofer Energy-Charts
NL,2025-01-02 09:15:00+00:00,-423.8,486.2,14.9,1904.6,6343.1,3795.9,344.7,843.1,429.2,55.1,15023.6,13696.1,10.1,10.7,Fraunhofer Energy-Charts
NL,2025-01-02 09:30:00+00:00,-427.8,486.2,15.0,1880.9,5909.2,3969.2,350.8,1070.7,408.3,72.6,15154.4,13602.7,11.5,12.3,Fraunhofer Energy-Charts
NL,2025-01-02 09:45:00+00:00,-427.8,486.2,14.7,1890.6,5666.5,4297.6,353.3,1010.8,426.7,74.7,15093.5,13581.3,11.3,12.0,Fraunhofer Energy-Charts
NL,2025-01-02 10:00:00+00:00,-1899.7,486.2,15.3,1878.6,6171.2,4597.0,348.5,1141.5,475.4,77.6,14915.8,13221.3,12.6,12.4,Fraunhofer Energy-Charts
NL,2025-01-02 10:15:00+00:00,-1910.8,486.3,14.6,1882.0,5963.4,4756.8,357.8,1547.2,437.8,105.1,14916.3,12826.3,15.3,14.7,Fraunhofer Energy-Charts
NL,2025-01-02 10:30:00+00:00,-1910.8,486.3,14.9,1898.4,5336.4,4930.1,354.9,1682.3,529.8,87.3,14890.1,12590.8,16.7,16.3,Fraunhofer Energy-Charts
NL,2025-01-02 10:45:00+00:00,-1910.8,486.3,14.5,1892.6,5393.6,5090.2,351.5,1435.5,590.4,113.2,14803.2,12664.1,15.7,15.2,Fraunhofer Energy-Charts
NL,2025-01-02 11:00:00+00:00,-2720.0,486.4,15.2,1894.8,5587.2,5329.4,351.7,1326.6,666.0,128.0,14732.0,12611.6,15.7,14.6,Fraunhofer Energy-Charts
NL,2025-01-02 11:15:00+00:00,-2670.5,486.4,15.0,1890.2,5355.9,5550.7,345.2,1615.2,584.8,122.7,14672.9,12350.1,17.1,15.7,Fraunhofer Energy-Charts
NL,2025-01-02 11:30:00+00:00,-2719.8,486.4,14.7,1897.3,5445.0,5405.1,353.4,1750.0,494.7,112.7,14735.8,12378.4,17.3,16.0,Fraunhofer Energy-Charts
NL,2025-01-02 11:45:00+00:00,-2710.8,486.4,14.6,1902.5,5347.7,5296.7,355.8,2098.3,558.2,105.5,14748.9,11986.9,20.0,18.3,Fraunhofer Energy-Charts
NL,2025-01-02 12:00:00+00:00,-3108.2,486.5,14.7,1904.0,5226.8,5086.3,352.3,2372.5,720.5,121.6,14840.3,11625.7,22.9,20.9,Fraunhofer Energy-Charts
NL,2025-01-02 12:15:00+00:00,-3176.5,486.5,14.7,1907.2,5736.4,4866.8,347.9,2360.3,670.8,119.2,14915.0,11764.7,22.4,20.2,Fraunhofer Energy-Charts
NL,2025-01-02 12:30:00+00:00,-3218.4,486.5,14.4,1904.4,5848.1,4766.8,350.0,2351.1,660.0,108.1,14940.2,11821.0,22.1,20.1,Fraunhofer Energy-Charts
NL,2025-01-02 12:45:00+00:00,-3211.4,486.6,14.4,1903.0,6027.5,4744.3,350.0,2428.6,725.1,98.5,14973.1,11721.0,23.0,20.5,Fraunhofer Energy-Charts
NL,2025-01-02 13:00:00+00:00,-3174.3,486.6,14.7,1903.4,5977.3,4539.7,350.1,2653.8,749.0,93.2,15081.0,11585.0,24.4,22.0,Fraunhofer Energy-Charts
NL,2025-01-02 13:15:00+00:00,-3189.9,486.7,14.3,1907.6,6357.1,4155.3,347.3,2849.7,692.7,70.8,15122.6,11509.4,25.1,22.5,Fraunhofer Energy-Charts
NL,2025-01-02 13:30:00+00:00,-3125.2,486.8,14.4,1911.8,6631.8,3914.7,348.2,2901.3,675.2,64.6,15214.8,11573.8,25.2,22.6,Fraunhofer Energy-Charts
NL,2025-01-02 13:45:00+00:00,-3120.3,486.9,14.4,1916.5,6641.6,3702.1,351.9,2748.6,778.1,71.1,15285.0,11687.2,24.8,22.7,Fraunhofer Energy-Charts
NL,2025-01-02 14:00:00+00:00,-2214.9,486.9,14.0,1924.5,6472.9,3564.6,337.0,2808.8,825.5,32.9,15449.0,11781.9,24.9,23.4,Fraunhofer Energy-Charts
NL,2025-01-02 14:15:00+00:00,-2184.4,486.9,14.2,1917.3,6395.6,3317.9,331.7,2950.1,819.3,21.1,15678.8,11888.3,25.3,24.4,Fraunhofer Energy-Charts
NL,2025-01-02 14:30:00+00:00,-2077.3,487.0,14.3,1927.1,6371.8,3149.0,342.9,2989.9,786.3,20.2,15888.7,12092.3,25.1,24.8,Fraunhofer Energy-Charts
NL,2025-01-02 14:45:00+00:00,-2101.4,486.9,14.3,1903.2,6573.7,3111.6,350.7,2718.7,899.4,11.6,16132.7,12503.1,23.7,23.8,Fraunhofer Energy-Charts
NL,2025-01-02 15:00:00+00:00,-1471.5,486.9,13.5,1904.2,6517.2,3235.3,349.8,2891.9,958.5,6.3,16286.9,12430.2,24.8,24.7,Fraunhofer Energy-Charts
NL,2025-01-02 15:15:00+00:00,-1432.9,486.9,13.5,1905.5,6555.0,3047.0,343.7,2921.9,909.6,1.7,16592.1,12759.0,24.2,24.8,Fraunhofer Energy-Charts
NL,2025-01-02 15:30:00+00:00,-1379.2,486.6,14.2,1909.0,6723.2,3119.2,340.0,3019.7,1001.8,0.2,16795.1,12773.4,25.0,25.3,Fraunhofer Energy-Charts
NL,2025-01-02 15:45:00+00:00,-1256.7,486.3,13.9,1900.6,6769.9,3147.2,344.4,3025.5,885.2,0.0,17212.7,13302.0,23.8,24.7,Fraunhofer Energy-Charts
NL,2025-01-02 16:00:00+00:00,-1155.0,486.0,14.1,1900.3,6734.9,3611.9,338.5,3008.7,785.7,0.0,17455.6,13661.2,22.8,23.6,Fraunhofer Energy-Charts
NL,2025-01-02 16:15:00+00:00,-1024.5,485.9,13.7,1898.3,6585.0,3753.1,331.5,3101.5,792.5,0.0,17823.5,13929.5,22.9,24.0,Fraunhofer Energy-Charts
NL,2025-01-02 16:30:00+00:00,-941.0,486.4,14.3,1896.7,6612.1,3794.8,327.0,3050.9,981.1,0.0,17933.7,13901.7,23.5,24.5,Fraunhofer Energy-Charts
NL,2025-01-02 16:45:00+00:00,-926.5,486.4,13.8,1919.5,6578.7,3767.6,335.3,3343.7,857.5,0.0,17914.3,13713.0,24.5,25.3,Fraunhofer Energy-Charts
NL,2025-01-02 17:00:00+00:00,-1476.0,486.3,14.1,1936.5,6593.5,3819.4,327.3,3484.0,860.8,0.0,17581.5,13236.7,25.7,25.8,Fraunhofer Energy-Charts
NL,2025-01-02 17:15:00+00:00,-1683.5,486.3,14.4,1957.9,6424.6,3828.6,337.1,3531.3,1033.5,0.0,17401.2,12836.4,27.3,27.0,Fraunhofer Energy-Charts
NL,2025-01-02 17:30:00+00:00,-1741.9,486.3,14.4,1974.9,6430.1,3728.5,334.0,3393.5,1138.9,0.0,17229.7,12697.3,27.4,26.9,Fraunhofer Energy-Charts
NL,2025-01-02 17:45:00+00:00,-1730.8,486.2,14.3,1969.0,6356.4,3856.9,337.8,3329.9,1137.2,0.0,17074.9,12607.8,27.2,26.6,Fraunhofer Energy-Charts
NL,2025-01-02 18:00:00+00:00,-1604.0,486.2,13.9,1928.3,5799.8,3789.9,339.4,3349.2,1300.7,0.0,16879.5,12229.6,28.6,28.4,Fraunhofer Energy-Charts
NL,2025-01-02 18:15:00+00:00,-1634.0,486.7,13.8,1900.6,5969.3,3731.7,339.1,3247.7,1126.8,0.0,16681.4,12306.9,27.3,27.1,Fraunhofer Energy-Charts
NL,2025-01-02 18:30:00+00:00,-1674.7,486.1,13.9,1901.9,5900.3,3895.5,346.9,3177.8,996.5,0.0,16562.7,12388.4,26.3,26.1,Fraunhofer Energy-Charts
NL,2025-01-02 18:45:00+00:00,-1647.3,486.0,14.2,1904.8,5682.2,3873.5,347.2,3361.5,995.7,0.0,16430.4,12073.2,27.7,27.3,Fraunhofer Energy-Charts
NL,2025-01-02 19:00:00+00:00,-1853.0,486.0,14.1,1903.6,5446.2,3835.6,344.6,3355.7,844.0,0.0,16173.8,11974.2,27.1,27.0,Fraunhofer Energy-Charts
NL,2025-01-02 19:15:00+00:00,-1873.5,485.9,14.5,1903.2,5488.2,3788.5,352.2,3119.9,949.9,0.0,15954.7,11884.9,26.7,26.5,Fraunhofer Energy-Charts
NL,2025-01-02 19:30:00+00:00,-1880.7,485.9,14.2,1903.2,5438.2,3763.6,350.5,3286.8,912.9,0.0,15811.7,11611.9,27.8,27.2,Fraunhofer Energy-Charts
NL,2025-01-02 19:45:00+00:00,-1857.9,485.9,14.7,1903.3,5327.6,3538.7,350.7,3393.0,730.7,0.0,15626.1,11502.4,27.6,27.4,Fraunhofer Energy-Charts
NL,2025-01-02 20:00:00+00:00,-1223.1,485.9,14.9,1896.2,4629.8,3515.3,349.1,3333.3,888.5,0.0,15404.1,11182.4,28.6,29.2,Fraunhofer Energy-Charts
NL,2025-01-02 20:15:00+00:00,-1176.8,485.8,14.8,1901.5,4570.7,3560.4,347.6,3302.3,902.7,0.0,15191.1,10986.1,28.9,29.1,Fraunhofer Energy-Charts
NL,2025-01-02 20:30:00+00:00,-1144.0,485.8,15.0,1908.1,4196.9,3485.5,349.9,3182.8,1141.6,0.0,15013.8,10689.3,30.1,30.6,Fraunhofer Energy-Charts
NL,2025-01-02 20:45:00+00:00,-1060.8,485.8,15.1,1912.5,3922.9,3477.2,349.3,3161.2,1299.2,0.0,14892.4,10432.0,31.2,31.8,Fraunhofer Energy-Charts
NL,2025-01-02 21:00:00+00:00,-1231.6,485.8,14.7,1903.2,3824.6,3490.1,350.5,3088.3,1191.5,0.0,14621.4,10341.6,30.6,31.2,Fraunhofer Energy-Charts
NL,2025-01-02 21:15:00+00:00,-1244.1,485.8,15.3,1902.5,3838.8,3536.1,355.1,3160.2,1100.6,0.0,14371.8,10111.0,31.0,30.9,Fraunhofer Energy-Charts
NL,2025-01-02 21:30:00+00:00,-1301.5,485.8,14.9,1905.3,3731.7,3490.4,348.6,3019.8,1040.9,0.0,14163.8,10103.0,30.0,30.3,Fraunhofer Energy-Charts
NL,2025-01-02 21:45:00+00:00,-1293.5,485.8,14.8,1903.6,3757.5,3488.8,349.2,2749.5,1088.8,0.0,13921.7,10083.4,28.9,29.1,Fraunhofer Energy-Charts
NL,2025-01-02 22:00:00+00:00,-974.3,485.9,14.9,1880.3,3296.6,3401.0,357.5,2950.4,988.3,0.0,13633.8,9695.1,30.3,30.9,Fraunhofer Energy-Charts
NL,2025-01-02 22:15:00+00:00,-957.0,485.8,14.7,1900.7,3245.3,3486.6,350.9,2432.6,884.2,0.0,13404.5,10087.7,26.2,27.4,Fraunhofer Energy-Charts
NL,2025-01-02 22:30:00+00:00,-956.5,485.9,14.8,1925.8,3368.9,3592.4,346.8,2149.3,747.2,0.0,13116.2,10219.7,23.5,24.4,Fraunhofer Energy-Charts
NL,2025-01-02 22:45:00+00:00,-949.7,485.9,14.9,1928.9,3020.0,3606.5,352.6,2114.8,800.8,0.0,12973.7,10058.0,23.9,25.2,Fraunhofer Energy-Charts
NL,2025-01-02 23:00:00+00:00,73.6,486.0,14.6,1924.4,2261.8,3588.0,346.4,2478.1,848.9,0.0,12812.1,9485.0,27.4,29.4,Fraunhofer Energy-Charts
NL,2025-01-02 23:15:00+00:00,-3.2,486.4,15.0,1918.3,1967.7,3160.1,346.5,2749.8,881.5,0.0,12844.7,9213.5,29.7,33.1,Fraunhofer Energy-Charts
NL,2025-01-02 23:30:00+00:00,15.7,486.4,14.2,1917.8,1915.3,2924.8,347.2,2539.4,895.2,0.0,12611.9,9177.3,28.7,32.8,Fraunhofer Energy-Charts
NL,2025-01-02 23:45:00+00:00,140.2,486.4,14.6,1912.2,1714.2,3016.7,342.9,2390.9,967.6,0.0,12457.0,9098.5,28.5,32.7,Fraunhofer Energy-Charts
NL,2025-01-03 00:00:00+00:00,-118.4,486.5,15.2,1902.0,1728.5,2932.7,342.1,2566.5,1112.1,0.0,12427.3,8748.8,31.1,34.9,Fraunhofer Energy-Charts
NL,2025-01-03 00:15:00+00:00,-119.3,486.5,15.5,1895.0,1733.2,2868.9,345.6,3021.3,1076.9,0.0,12362.9,8264.6,34.7,37.5,Fraunhofer Energy-Charts
NL,2025-01-03 00:30:00+00:00,-157.7,486.5,14.8,1890.8,1734.9,2806.4,343.8,2927.2,1026.4,0.0,12303.2,8349.6,33.7,36.9,Fraunhofer Energy-Charts
NL,2025-01-03 00:45:00+00:00,-116.1,486.5,15.0,1833.3,1636.2,2922.0,339.9,2707.7,1121.9,0.0,12334.0,8504.4,32.5,36.3,Fraunhofer Energy-Charts
NL,2025-01-03 01:00:00+00:00,-379.5,486.6,14.8,1751.2,1603.3,2968.5,345.0,2820.3,1034.2,0.0,12236.1,8381.5,33.0,36.7,Fraunhofer Energy-Charts
NL,2025-01-03 01:15:00+00:00,-379.5,486.6,15.0,1670.6,1643.4,2899.7,338.5,2865.2,1087.5,0.0,12020.0,8067.3,34.4,37.6,Fraunhofer Energy-Charts
NL,2025-01-03 01:30:00+00:00,-410.6,486.7,14.9,1576.6,1614.1,2705.4,338.0,2845.7,1196.7,0.0,11943.9,7901.6,35.4,39.2,Fraunhofer Energy-Charts
NL,2025-01-03 01:45:00+00:00,-389.1,486.7,14.7,1448.1,1687.0,2773.2,348.5,2900.3,1122.3,0.0,11803.2,7780.6,35.7,39.1,Fraunhofer Energy-Charts
NL,2025-01-03 02:00:00+00:00,-258.8,486.8,15.1,1263.5,1630.5,2744.0,349.0,3089.5,1141.4,0.0,11837.4,7606.5,37.3,41.2,Fraunhofer Energy-Charts
NL,2025-01-03 02:15:00+00:00,-247.9,486.9,15.4,1119.2,1646.7,2857.9,343.8,3002.5,1186.4,0.0,11836.1,7647.2,37.0,41.1,Fraunhofer Energy-Charts
NL,2025-01-03 02:30:00+00:00,-243.9,486.9,14.9,1029.4,1607.0,2892.3,348.6,3150.4,1297.3,0.0,11818.8,7371.1,39.2,42.8,Fraunhofer Energy-Charts
NL,2025-01-03 02:45:00+00:00,-221.9,486.9,14.9,993.9,1513.9,3042.1,347.4,3262.7,1414.6,0.0,11907.5,7230.2,40.9,43.9,Fraunhofer Energy-Charts
NL,2025-01-03 03:00:00+00:00,-427.6,487.0,14.9,956.2,1515.8,2895.7,346.4,3346.7,1489.7,0.0,12106.1,7269.8,41.5,45.5,Fraunhofer Energy-Charts
NL,2025-01-03 03:15:00+00:00,-449.1,487.5,15.0,886.1,1556.6,2977.6,338.3,3321.9,1498.0,0.0,12045.5,7225.6,41.5,45.2,Fraunhofer Energy-Charts
NL,2025-01-03 03:30:00+00:00,-390.9,487.0,15.2,838.2,1534.1,2939.8,331.7,3409.0,1460.4,0.0,12100.2,7230.8,41.7,45.8,Fraunhofer Energy-Charts
NL,2025-01-03 03:45:00+00:00,-387.9,486.9,14.9,827.4,1553.8,2879.6,304.3,3525.3,1458.7,0.0,12056.2,7072.2,42.7,46.6,Fraunhofer Energy-Charts
NL,2025-01-03 04:00:00+00:00,-974.7,486.9,15.3,918.4,1746.6,3018.1,314.9,3543.9,1517.6,0.0,12110.2,7048.8,43.2,45.3,Fraunhofer Energy-Charts
NL,2025-01-03 04:15:00+00:00,-975.7,486.9,15.0,968.0,1638.9,3121.2,340.1,3542.3,1633.8,0.0,12194.0,7018.0,44.0,45.6,Fraunhofer Energy-Charts
NL,2025-01-03 04:30:00+00:00,-975.7,486.9,15.3,1045.1,1613.6,3207.9,343.6,3641.1,1641.1,0.0,12412.3,7130.1,44.1,45.6,Fraunhofer Energy-Charts
NL,2025-01-03 04:45:00+00:00,-974.7,486.9,14.9,1168.7,1611.6,3225.3,338.8,3662.2,1662.5,0.0,12679.7,7355.0,43.4,45.3,Fraunhofer Energy-Charts
NL,2025-01-03 05:00:00+00:00,-837.1,486.8,14.9,1274.7,1664.5,3324.8,337.0,3667.0,1726.0,0.0,12973.0,7580.0,43.0,44.6,Fraunhofer Energy-Charts
NL,2025-01-03 05:15:00+00:00,-841.4,486.8,14.9,1365.4,1613.1,3464.3,329.9,3647.0,1878.3,0.0,13414.6,7889.3,42.5,44.6,Fraunhofer Energy-Charts
NL,2025-01-03 05:30:00+00:00,-841.4,486.8,14.6,1443.2,1695.9,3508.5,327.7,3636.6,1800.5,0.0,13552.4,8115.4,41.4,43.5,Fraunhofer Energy-Charts
NL,2025-01-03 05:45:00+00:00,-841.4,486.8,15.1,1499.6,1721.1,3629.7,329.3,3677.0,1812.6,0.0,13765.7,8276.1,41.2,43.0,Fraunhofer Energy-Charts
NL,2025-01-03 06:00:00+00:00,-491.7,486.7,14.8,1533.8,1721.4,3804.7,325.3,3571.9,1914.8,0.0,14309.3,8822.6,39.6,42.4,Fraunhofer Energy-Charts
NL,2025-01-03 06:15:00+00:00,-492.7,486.6,14.9,1608.3,1741.1,3885.7,327.8,3597.5,1993.5,0.0,14574.7,8983.6,39.6,42.3,Fraunhofer Energy-Charts
NL,2025-01-03 06:30:00+00:00,-492.7,486.6,14.3,1686.0,1784.7,3958.8,329.2,3604.5,1980.0,0.0,14945.0,9360.5,38.6,41.6,Fraunhofer Energy-Charts
NL,2025-01-03 06:45:00+00:00,-492.7,486.5,14.3,1740.6,2137.5,4144.9,325.5,3658.4,1961.5,0.0,15181.8,9561.8,38.2,40.1,Fraunhofer Energy-Charts
NL,2025-01-03 07:00:00+00:00,-528.8,486.4,14.5,1819.0,2175.8,4259.3,320.3,3656.5,1996.4,0.0,15744.1,10091.1,37.0,39.6,Fraunhofer Energy-Charts
NL,2025-01-03 07:15:00+00:00,-533.8,486.4,14.4,1869.8,2271.4,4394.9,309.2,3708.5,2071.1,0.0,15944.4,10164.7,37.3,39.3,Fraunhofer Energy-Charts
NL,2025-01-03 07:30:00+00:00,-533.8,486.3,13.9,1900.7,2277.3,4521.7,307.2,3650.6,2108.6,0.0,16193.1,10433.9,36.6,38.8,Fraunhofer Energy-Charts
NL,2025-01-03 07:45:00+00:00,-528.8,486.3,14.2,1902.1,2440.6,4713.1,315.0,3583.5,2086.8,1.1,16305.0,10633.5,35.8,37.6,Fraunhofer Energy-Charts
NL,2025-01-03 08:00:00+00:00,-488.3,486.3,14.7,1888.4,2445.7,4722.1,315.2,3537.0,2131.6,4.0,16407.2,10734.7,35.6,37.6,Fraunhofer Energy-Charts
NL,2025-01-03 08:15:00+00:00,-489.3,486.2,14.3,1874.8,2621.8,4727.4,308.0,3525.5,2127.1,6.8,16408.6,10749.2,35.5,37.1,Fraunhofer Energy-Charts
NL,2025-01-03 08:30:00+00:00,-488.3,486.2,14.8,1867.9,2555.4,4883.3,291.3,3563.2,2111.2,9.1,16358.1,10674.7,35.7,37.0,Fraunhofer Energy-Charts
NL,2025-01-03 08:45:00+00:00,-489.3,486.2,15.6,1805.9,2394.6,5084.0,290.6,3523.3,2055.5,16.6,16345.0,10749.6,35.2,36.7,Fraunhofer Energy-Charts
NL,2025-01-03 09:00:00+00:00,-477.4,486.2,15.1,1697.0,2275.3,5348.7,306.2,3575.9,2024.6,34.1,16255.0,10620.3,35.7,36.8,Fraunhofer Energy-Charts
NL,2025-01-03 09:15:00+00:00,-478.5,486.2,15.0,1642.0,2092.3,5237.4,318.0,3578.2,1974.5,28.2,16287.2,10706.2,35.3,37.4,Fraunhofer Energy-Charts
NL,2025-01-03 09:30:00+00:00,-478.5,486.2,15.1,1614.5,2176.3,5403.8,315.9,3379.4,2009.1,39.4,16138.5,10710.6,34.7,36.3,Fraunhofer Energy-Charts
NL,2025-01-03 09:45:00+00:00,-478.5,486.2,14.9,1568.1,1990.3,5517.7,311.8,3306.5,2012.3,35.8,16277.4,10922.9,33.9,36.2,Fraunhofer Energy-Charts
NL,2025-01-03 10:00:00+00:00,-481.9,486.2,14.7,1543.2,1879.1,5559.2,318.5,3447.1,2013.5,29.4,16061.8,10571.8,35.3,37.0,Fraunhofer Energy-Charts
NL,2025-01-03 10:15:00+00:00,-481.9,486.2,14.6,1497.9,1508.1,5599.3,317.7,3394.7,2101.9,39.1,16163.5,10627.9,35.3,38.2,Fraunhofer Energy-Charts
NL,2025-01-03 10:30:00+00:00,-481.9,486.2,14.7,1442.9,1628.1,5692.3,319.8,3561.1,2098.6,34.5,16123.1,10428.9,36.4,38.4,Fraunhofer Energy-Charts
NL,2025-01-03 10:45:00+00:00,-481.9,486.2,14.9,1425.3,1578.8,5653.3,320.0,3493.8,2150.9,24.9,16236.4,10566.8,36.0,38.6,Fraunhofer Energy-Charts
NL,2025-01-03 11:00:00+00:00,-428.1,486.2,14.4,1418.9,1624.1,5644.0,314.3,3654.1,2039.3,36.3,16279.0,10549.3,36.3,38.7,Fraunhofer Energy-Charts
NL,2025-01-03 11:15:00+00:00,-428.1,486.3,15.4,1412.7,1822.6,5480.6,313.5,3680.1,1962.1,44.7,16298.2,10611.3,35.9,38.5,Fraunhofer Energy-Charts
NL,2025-01-03 11:30:00+00:00,-428.1,486.3,15.1,1430.4,1960.4,5463.3,318.5,3628.2,1947.4,35.9,16277.6,10666.1,35.5,37.9,Fraunhofer Energy-Charts
NL,2025-01-03 11:45:00+00:00,-428.1,486.3,14.2,1529.9,1977.2,5350.5,311.7,3597.5,1968.1,40.2,16298.3,10692.5,35.4,37.8,Fraunhofer Energy-Charts
NL,2025-01-03 12:00:00+00:00,-430.4,486.4,15.0,1712.5,2026.7,5304.7,302.1,3517.4,1968.2,44.4,16344.9,10815.0,34.8,37.0,Fraunhofer Energy-Charts
NL,2025-01-03 12:15:00+00:00,-430.4,486.4,14.8,1834.8,2035.0,5170.7,308.7,3498.9,1976.3,66.8,16385.8,10843.7,34.9,37.1,Fraunhofer Energy-Charts
NL,2025-01-03 12:30:00+00:00,-436.3,487.0,14.4,1906.3,2022.9,5166.7,322.8,3558.6,1862.9,47.0,16362.4,10893.8,34.5,36.7,Fraunhofer Energy-Charts
NL,2025-01-03 12:45:00+00:00,-436.3,486.5,14.6,1953.3,2271.8,5037.7,326.0,3459.2,1728.5,41.0,16388.3,11159.5,33.0,35.3,Fraunhofer Energy-Charts
NL,2025-01-03 13:00:00+00:00,-639.5,486.5,15.1,1954.0,2729.4,4936.4,318.3,3462.1,1667.7,36.9,16383.2,11216.5,32.6,34.2,Fraunhofer Energy-Charts
NL,2025-01-03 13:15:00+00:00,-646.5,486.6,14.8,1903.7,2974.9,4837.1,318.2,3478.3,1510.3,35.3,16363.9,11339.9,31.8,33.4,Fraunhofer Energy-Charts
NL,2025-01-03 13:30:00+00:00,-646.5,486.6,14.5,1861.8,3132.6,4674.1,323.5,3493.5,1495.8,54.7,16300.9,11256.8,32.0,33.6,Fraunhofer Energy-Charts
NL,2025-01-03 13:45:00+00:00,-639.5,486.7,15.2,1846.7,3463.1,4553.1,319.9,3366.9,1588.8,40.6,16461.8,11465.5,31.4,33.0,Fraunhofer Energy-Charts
NL,2025-01-03 14:00:00+00:00,-568.9,486.8,13.8,1812.9,3885.4,4432.0,319.8,3073.3,1508.1,26.6,16485.9,11877.9,29.0,30.7,Fraunhofer Energy-Charts
NL,2025-01-03 14:15:00+00:00,-568.9,486.9,14.1,1811.7,4279.6,4258.8,319.4,3184.2,1344.5,24.1,16538.9,11986.0,28.6,30.1,Fraunhofer Energy-Charts
NL,2025-01-03 14:30:00+00:00,-554.9,486.9,14.0,1818.5,4609.9,3950.9,320.8,3171.1,1242.2,29.0,16600.8,12158.5,27.8,29.5,Fraunhofer Energy-Charts
NL,2025-01-03 14:45:00+00:00,-553.9,487.0,14.1,1829.3,4917.0,3740.6,311.6,3367.1,1256.0,15.3,16751.6,12113.2,28.7,30.2,Fraunhofer Energy-Charts
NL,2025-01-03 15:00:00+00:00,-246.3,487.0,14.1,1872.2,4663.2,3779.0,316.3,3220.1,1334.8,7.9,17066.2,12503.4,27.7,30.2,Fraunhofer Energy-Charts
NL,2025-01-03 15:15:00+00:00,-314.6,487.0,14.0,1891.3,5278.2,3805.9,310.9,3158.3,1162.1,2.8,17143.7,12820.6,26.2,27.9,Fraunhofer Energy-Charts
NL,2025-01-03 15:30:00+00:00,-378.6,487.0,13.9,1896.5,5467.0,3757.8,313.7,3153.6,1091.3,0.3,17484.0,13238.8,25.3,27.3,Fraunhofer Energy-Charts
NL,2025-01-03 15:45:00+00:00,-385.6,487.0,14.7,1902.1,5876.8,3760.5,305.8,3156.8,1168.9,0.0,17677.8,13352.1,25.4,27.0,Fraunhofer Energy-Charts
NL,2025-01-03 16:00:00+00:00,-457.8,487.0,14.1,1890.4,6066.6,3948.1,304.9,3016.9,1102.4,0.0,17895.3,13776.0,23.9,25.5,Fraunhofer Energy-Charts
NL,2025-01-03 16:15:00+00:00,-456.8,487.0,14.9,1891.5,6224.7,4057.2,302.7,2948.7,1145.5,0.0,18083.1,13988.9,23.6,25.0,Fraunhofer Energy-Charts
NL,2025-01-03 16:30:00+00:00,-456.8,486.9,14.5,1886.3,6355.3,4041.1,303.6,3167.5,957.3,0.0,18146.4,14021.5,23.6,24.9,Fraunhofer Energy-Charts
NL,2025-01-03 16:45:00+00:00,-457.8,487.0,14.5,1890.2,6252.7,3998.3,308.5,3190.9,958.4,0.0,18065.3,13915.9,23.9,25.3,Fraunhofer Energy-Charts
NL,2025-01-03 17:00:00+00:00,-598.8,486.9,15.0,1903.8,6225.3,4087.2,315.3,2927.6,857.1,0.0,17715.5,13930.8,22.3,23.5,Fraunhofer Energy-Charts
NL,2025-01-03 17:15:00+00:00,-599.8,486.9,14.8,1899.7,6362.6,3928.7,315.6,2905.3,727.0,0.0,17462.9,13830.6,21.8,22.9,Fraunhofer Energy-Charts
NL,2025-01-03 17:30:00+00:00,-599.8,486.9,15.7,1899.0,6155.7,3980.6,318.3,2892.7,782.8,0.0,17279.4,13603.9,22.3,23.3,Fraunhofer Energy-Charts
NL,2025-01-03 17:45:00+00:00,-599.8,486.9,14.6,1925.9,6093.9,3919.5,324.1,2674.8,842.7,0.0,17169.1,13651.6,21.5,22.7,Fraunhofer Energy-Charts
NL,2025-01-03 18:00:00+00:00,-610.1,486.8,14.8,1959.7,6026.3,3844.6,318.4,2692.8,755.5,0.0,16966.0,13517.7,21.4,22.5,Fraunhofer Energy-Charts
NL,2025-01-03 18:15:00+00:00,-610.1,486.8,15.2,1972.7,6156.4,3734.9,314.2,2559.3,570.8,0.0,16737.6,13607.5,19.7,20.9,Fraunhofer Energy-Charts
NL,2025-01-03 18:30:00+00:00,-610.1,486.7,14.5,1979.0,6302.7,3757.4,313.9,2269.8,600.4,0.0,16541.6,13671.4,18.4,19.3,Fraunhofer Energy-Charts
NL,2025-01-03 18:45:00+00:00,-609.1,486.7,15.0,1979.3,6243.0,3666.0,320.6,2192.8,611.5,0.0,16426.4,13622.2,18.1,19.2,Fraunhofer Energy-Charts
NL,2025-01-03 19:00:00+00:00,-603.8,486.6,15.1,1980.0,6180.3,3640.8,323.2,2306.3,652.8,0.0,16243.1,13284.0,19.3,20.1,Fraunhofer Energy-Charts
NL,2025-01-03 19:15:00+00:00,-602.8,486.6,14.6,1978.4,5953.8,3554.3,322.6,2295.7,726.8,0.0,16156.0,13133.5,19.8,20.9,Fraunhofer Energy-Charts
NL,2025-01-03 19:30:00+00:00,-603.8,486.5,14.8,1974.3,5862.0,3633.2,322.6,2174.1,697.0,0.0,15931.7,13060.6,19.1,20.1,Fraunhofer Energy-Charts
NL,2025-01-03 19:45:00+00:00,-602.8,486.5,14.5,1973.8,5803.9,3471.4,323.0,1942.7,647.8,0.0,15748.4,13157.9,17.6,18.9,Fraunhofer Energy-Charts
NL,2025-01-03 20:00:00+00:00,-705.6,486.5,15.2,1979.2,6042.0,3581.0,323.8,1637.5,562.4,0.0,15310.8,13110.9,15.5,16.3,Fraunhofer Energy-Charts
NL,2025-01-03 20:15:00+00:00,-705.6,486.4,15.2,1973.0,6172.4,3404.4,326.7,1476.5,537.5,0.0,15190.2,13176.1,14.4,15.2,Fraunhofer Energy-Charts
NL,2025-01-03 20:30:00+00:00,-705.6,486.4,15.2,1977.4,6088.9,3282.3,324.9,1624.6,548.9,0.0,14969.3,12795.8,15.7,16.4,Fraunhofer Energy-Charts
NL,2025-01-03 20:45:00+00:00,-705.6,486.3,15.2,1974.6,5867.0,3180.4,328.2,1716.2,514.6,0.0,14890.4,12659.5,16.2,17.1,Fraunhofer Energy-Charts
NL,2025-01-03 21:00:00+00:00,-210.2,486.3,15.3,1957.8,5540.0,3067.6,321.2,1692.0,424.4,0.0,14654.6,12538.3,15.6,17.0,Fraunhofer Energy-Charts
NL,2025-01-03 21:15:00+00:00,-218.3,486.3,15.0,1905.8,5611.3,2998.3,318.3,1413.9,372.3,0.0,14431.0,12644.8,13.6,14.9,Fraunhofer Energy-Charts
NL,2025-01-03 21:30:00+00:00,-236.8,486.8,15.0,1875.0,5650.4,3013.1,307.9,1233.8,458.5,0.0,14144.9,12452.5,13.2,14.3,Fraunhofer Energy-Charts
NL,2025-01-03 21:45:00+00:00,-244.8,486.2,14.9,1884.3,5465.8,3015.7,284.2,1241.1,452.0,0.0,14053.0,12359.9,13.2,14.4,Fraunhofer Energy-Charts
NL,2025-01-03 22:00:00+00:00,337.6,486.3,15.0,1886.3,4929.4,2911.5,279.6,1176.4,413.3,0.0,13868.7,12279.0,12.6,14.4,Fraunhofer Energy-Charts
NL,2025-01-03 22:15:00+00:00,190.8,486.3,15.2,1879.9,5015.7,2857.6,283.9,1055.7,403.7,0.0,13538.6,12079.3,11.9,13.5,Fraunhofer Energy-Charts
NL,2025-01-03 22:30:00+00:00,194.2,486.3,14.8,1872.3,4812.7,2738.7,285.5,1254.8,420.1,0.0,13458.9,11784.0,13.6,15.4,Fraunhofer Energy-Charts
NL,2025-01-03 22:45:00+00:00,241.4,486.3,14.9,1889.6,4730.9,2603.4,297.2,1269.4,438.4,0.0,13292.6,11584.8,14.1,16.0,Fraunhofer Energy-Charts
