zone,timestamp_utc,hydro_pumped_storage_consumption,cross_border_electricity_trading,nuclear,hydro_run-of-river,biomass,fossil_oil,fossil_gas,hydro_pumped_storage,battery,others,waste,wind_offshore,wind_onshore,solar,load,residual_load,renewable_share_of_load,renewable_share_of_generation,source
BE,2024-12-31 23:00:00+00:00,-209.8,-1247.4,3954.8,100.2,243.1,57.2,1107.5,0.0,5.0,6.4,243.8,2063.3,1875.5,0.0,8233.8,4294.9,53.5,45.6,Fraunhofer Energy-Charts
BE,2025-01-01 00:00:00+00:00,-393.3,-1439.5,3952.3,100.4,244.9,57.4,1101.2,0.0,10.2,5.2,246.3,2060.6,1920.2,0.0,7886.0,3905.2,56.4,45.9,Fraunhofer Energy-Charts
BE,2025-01-01 01:00:00+00:00,-24.9,-2242.9,3952.2,95.8,243.4,56.4,1097.0,0.0,23.3,5.4,245.5,2080.7,2102.2,0.0,7495.7,3312.8,62.0,47.0,Fraunhofer Energy-Charts
BE,2025-01-01 02:00:00+00:00,-241.8,-2185.7,3952.6,94.6,246.8,56.1,1103.0,0.0,10.6,5.8,243.6,2083.9,1991.1,0.0,7273.0,3198.0,62.4,46.4,Fraunhofer Energy-Charts
BE,2025-01-01 03:00:00+00:00,-246.4,-2291.9,3952.8,93.1,246.9,58.8,1084.9,0.0,9.5,5.5,243.6,2120.3,2036.9,0.0,7146.4,2989.1,64.6,46.9,Fraunhofer Energy-Charts
BE,2025-01-01 04:00:00+00:00,-246.0,-2214.3,3951.6,93.7,250.2,59.9,1067.8,0.0,0.0,5.4,244.6,2120.0,2002.4,0.0,7207.8,3085.4,63.7,46.8,Fraunhofer Energy-Charts
BE,2025-01-01 05:00:00+00:00,-245.4,-2065.4,3952.2,95.6,254.9,59.8,1074.8,0.0,4.4,6.3,243.4,2122.8,2008.2,0.0,7293.8,3162.7,63.1,46.9,Fraunhofer Energy-Charts
BE,2025-01-01 06:00:00+00:00,-212.8,-2025.1,3951.1,96.6,255.2,64.3,1113.8,0.0,2.2,5.5,242.6,2121.5,2000.9,0.0,7388.9,3266.6,62.2,46.6,Fraunhofer Energy-Charts
BE,2025-01-01 07:00:00+00:00,-396.8,-1559.0,3952.4,96.7,254.0,64.6,1120.2,0.0,2.6,4.3,244.8,2090.8,1893.8,0.1,7493.3,3508.6,59.5,45.9,Fraunhofer Energy-Charts
BE,2025-01-01 08:00:00+00:00,-6.3,-1863.7,3953.6,97.3,257.6,63.4,1105.2,0.0,4.6,5.3,240.2,2097.4,2011.5,61.9,7645.0,3474.3,60.8,47.0,Fraunhofer Energy-Charts
BE,2025-01-01 09:00:00+00:00,-41.6,-1581.7,3951.6,98.1,260.1,67.2,1139.4,0.0,8.7,5.0,244.3,2045.8,1967.3,195.7,8122.5,3913.7,57.7,47.0,Fraunhofer Energy-Charts
BE,2025-01-01 10:00:00+00:00,-11.7,-1490.5,3951.4,99.1,258.3,68.3,1208.7,6.1,7.9,5.8,238.9,2081.9,2145.9,247.4,8523.6,4048.4,58.1,48.1,Fraunhofer Energy-Charts
BE,2025-01-01 11:00:00+00:00,-22.5,-1400.8,3949.8,99.5,256.8,67.5,1177.6,0.0,17.1,6.2,240.4,2038.6,2213.9,261.5,8813.1,4299.1,56.6,48.4,Fraunhofer Energy-Charts
BE,2025-01-01 12:00:00+00:00,-396.8,-914.4,3949.7,99.8,258.9,66.0,1155.4,0.0,8.7,6.4,239.2,1996.2,2212.2,218.3,8800.3,4373.5,55.7,48.1,Fraunhofer Energy-Charts
BE,2025-01-01 13:00:00+00:00,-400.5,-820.2,3951.7,99.8,251.1,66.2,1171.6,0.0,12.1,5.7,242.8,1982.0,2201.2,145.4,8763.8,4435.2,54.8,47.5,Fraunhofer Energy-Charts
BE,2025-01-01 14:00:00+00:00,-14.6,-1152.5,3955.4,99.8,246.4,70.4,1211.1,0.0,17.8,4.8,240.9,1936.3,2076.1,47.4,8757.2,4697.3,51.7,45.8,Fraunhofer Energy-Charts
BE,2025-01-01 15:00:00+00:00,-20.9,-921.3,3955.8,99.0,250.2,72.9,1237.5,29.6,9.7,6.6,245.5,1844.9,2069.6,2.1,8763.6,4847.0,50.1,44.9,Fraunhofer Energy-Charts
BE,2025-01-01 16:00:00+00:00,-35.8,-411.7,3955.0,98.9,249.7,75.0,1259.5,1.5,31.6,6.2,242.6,1795.5,2043.5,0.0,9110.4,5271.3,47.3,44.3,Fraunhofer Energy-Charts
BE,2025-01-01 17:00:00+00:00,-12.6,-211.6,3953.5,99.0,248.6,74.5,1254.6,69.1,38.0,6.3,233.7,1595.1,1968.5,0.0,9286.6,5723.1,43.4,42.7,Fraunhofer Energy-Charts
BE,2025-01-01 18:00:00+00:00,0.0,-935.4,3953.6,99.6,246.6,74.5,1360.0,616.6,56.5,6.4,235.7,1490.5,1815.7,0.0,9119.3,5813.1,41.3,40.6,Fraunhofer Energy-Charts
BE,2025-01-01 19:00:00+00:00,0.0,-376.0,3953.8,99.8,250.0,72.4,1293.8,151.6,17.1,7.0,236.0,1873.5,1594.9,0.0,8961.6,5493.1,43.9,42.0,Fraunhofer Energy-Charts
BE,2025-01-01 20:00:00+00:00,0.0,-385.8,3953.0,100.3,251.1,70.3,1214.3,292.5,0.2,5.9,230.7,2049.6,1308.2,0.0,8927.6,5569.8,42.8,41.6,Fraunhofer Energy-Charts
BE,2025-01-01 21:00:00+00:00,-5.3,118.6,3952.9,99.7,252.7,73.1,1261.6,3.9,19.2,6.5,237.1,1890.0,1090.3,0.0,8955.2,5975.0,38.5,38.9,Fraunhofer Energy-Charts
BE,2025-01-01 22:00:00+00:00,-9.5,283.3,3954.3,98.8,248.6,70.5,1236.0,0.0,25.3,6.9,237.6,1805.8,872.5,0.0,8935.0,6256.7,35.2,36.9,Fraunhofer Energy-Charts
BE,2025-01-01 23:00:00+00:00,-546.0,1266.2,3955.6,99.5,237.4,61.5,1158.6,0.0,5.5,7.9,237.9,932.1,805.5,0.0,8432.7,6695.1,26.0,29.3,Fraunhofer Energy-Charts
BE,2025-01-02 00:00:00+00:00,-550.3,1438.2,3957.3,99.4,236.9,54.8,1145.0,0.0,14.2,8.1,237.5,280.4,816.9,0.0,7864.7,6767.4,19.7,22.7,Fraunhofer Energy-Charts
BE,2025-01-02 01:00:00+00:00,-397.6,1391.2,3960.0,99.6,235.4,55.1,1118.5,0.0,0.0,8.0,237.1,270.8,598.5,0.0,7485.4,6616.2,17.7,20.1,Fraunhofer Energy-Charts
BE,2025-01-02 02:00:00+00:00,-199.9,1510.8,3962.2,99.7,228.9,53.9,1097.5,0.0,0.0,7.6,236.0,318.8,348.1,0.0,7455.2,6788.4,14.9,17.5,Fraunhofer Energy-Charts
BE,2025-01-02 03:00:00+00:00,-10.3,1534.0,3963.9,99.6,233.1,54.9,1092.2,0.0,0.0,6.9,233.3,318.8,266.5,0.0,7494.1,6908.8,13.8,16.5,Fraunhofer Energy-Charts
BE,2025-01-02 04:00:00+00:00,-10.3,1857.1,3965.7,98.9,236.6,54.8,1128.0,0.0,0.0,6.0,234.7,334.6,212.0,0.0,7793.6,7246.9,12.8,15.9,Fraunhofer Energy-Charts
BE,2025-01-02 05:00:00+00:00,-10.2,2526.2,3965.7,99.6,237.6,58.3,1209.5,0.0,2.6,7.0,235.1,273.3,206.9,0.0,8448.8,7968.6,11.1,14.9,Fraunhofer Energy-Charts
BE,2025-01-02 06:00:00+00:00,-10.2,2943.6,3964.1,100.3,237.5,65.9,1376.6,0.0,20.8,7.3,235.8,274.2,200.4,0.0,9087.4,8612.8,10.2,14.4,Fraunhofer Energy-Charts
BE,2025-01-02 07:00:00+00:00,-10.2,3279.1,3963.1,98.8,239.4,69.6,1646.2,0.0,17.1,6.8,234.6,400.2,197.3,0.0,9766.4,9168.9,10.8,15.4,Fraunhofer Energy-Charts
BE,2025-01-02 08:00:00+00:00,-10.2,3489.6,3965.4,97.5,242.8,71.7,1777.8,0.0,3.7,6.9,228.7,476.5,180.3,250.2,10356.9,9449.9,13.1,18.7,Fraunhofer Energy-Charts
BE,2025-01-02 09:00:00+00:00,-10.2,3064.0,3963.3,100.7,242.8,67.8,1757.7,0.0,33.0,7.9,227.9,406.3,109.2,1121.4,10790.4,9153.5,19.4,26.2,Fraunhofer Energy-Charts
BE,2025-01-02 10:00:00+00:00,-10.2,2684.3,3962.4,97.2,241.1,68.7,1829.2,0.0,14.7,8.5,225.0,353.7,84.8,2014.5,11151.3,8698.3,26.0,32.7,Fraunhofer Energy-Charts
BE,2025-01-02 11:00:00+00:00,-10.2,2086.8,3961.1,95.1,238.7,74.7,2038.7,0.0,14.1,8.7,230.0,344.3,95.9,2100.8,11289.3,8748.3,26.5,32.5,Fraunhofer Energy-Charts
BE,2025-01-02 12:00:00+00:00,-10.2,1792.4,3959.1,95.2,242.4,74.9,2143.8,0.0,6.2,8.3,222.2,728.5,154.3,1747.6,11002.1,8371.7,28.0,32.8,Fraunhofer Energy-Charts
BE,2025-01-02 13:00:00+00:00,-126.7,2000.9,3957.7,96.1,243.3,70.9,2126.3,0.0,5.0,6.8,229.6,723.3,211.1,1400.1,10863.8,8529.3,25.7,30.8,Fraunhofer Energy-Charts
BE,2025-01-02 14:00:00+00:00,-46.2,2349.4,3963.1,98.9,239.6,68.7,2088.1,0.0,3.6,8.5,227.0,923.7,294.3,832.8,10768.4,8717.6,23.2,28.6,Fraunhofer Energy-Charts
BE,2025-01-02 15:00:00+00:00,0.0,2052.2,3963.8,98.7,243.2,71.7,2115.9,453.1,12.7,8.2,230.8,1063.7,326.8,90.9,10575.5,9094.1,18.3,23.6,Fraunhofer Energy-Charts
BE,2025-01-02 16:00:00+00:00,0.0,1959.3,3961.9,97.5,248.4,77.3,2283.7,629.6,72.9,7.3,227.8,1134.0,398.6,0.0,10953.1,9420.5,18.2,23.6,Fraunhofer Energy-Charts
BE,2025-01-02 17:00:00+00:00,0.0,2106.2,3961.9,95.8,243.8,75.8,2290.8,621.4,29.6,7.7,228.7,1282.3,412.9,0.0,11212.9,9517.8,19.2,25.0,Fraunhofer Energy-Charts
BE,2025-01-02 18:00:00+00:00,0.0,1685.4,3960.8,93.7,244.7,74.1,2244.6,577.8,67.9,8.0,227.0,1193.5,435.1,0.0,10953.1,9324.5,19.0,24.5,Fraunhofer Energy-Charts
BE,2025-01-02 19:00:00+00:00,0.0,1650.0,3961.1,93.0,243.6,68.8,2247.9,128.6,16.4,7.2,230.7,1034.4,443.2,0.0,10273.0,8795.4,18.8,23.2,Fraunhofer Energy-Charts
BE,2025-01-02 20:00:00+00:00,-1.4,1465.3,3962.4,92.6,240.8,64.4,2194.2,25.0,17.5,6.6,230.2,948.2,537.3,0.0,9871.5,8385.9,19.6,23.4,Fraunhofer Energy-Charts
BE,2025-01-02 21:00:00+00:00,-2.8,1321.3,3962.9,92.4,245.2,63.6,2170.1,0.2,17.2,8.3,232.1,926.5,642.8,0.0,9509.6,7940.2,21.3,24.2,Fraunhofer Energy-Charts
BE,2025-01-02 22:00:00+00:00,-1.7,1294.2,3962.4,91.7,245.8,64.0,2179.8,7.7,10.8,7.6,228.6,853.1,662.0,0.0,9535.3,8020.3,20.6,23.7,Fraunhofer Energy-Charts
BE,2025-01-02 23:00:00+00:00,-9.3,1535.7,3963.2,91.7,246.7,59.6,1516.9,0.0,0.0,9.8,228.8,809.1,673.4,0.0,9206.7,7724.1,21.0,25.5,Fraunhofer Energy-Charts
BE,2025-01-03 00:00:00+00:00,-600.2,2160.3,3960.3,92.8,242.6,48.2,1157.6,0.0,5.6,10.3,225.2,801.2,641.3,0.0,8654.8,7212.2,21.8,26.3,Fraunhofer Energy-Charts
BE,2025-01-03 01:00:00+00:00,-607.9,1842.2,3962.9,92.7,241.0,48.3,1152.4,0.0,5.6,10.4,225.6,824.2,698.7,0.0,8334.3,6811.3,23.6,27.1,Fraunhofer Energy-Charts
BE,2025-01-03 02:00:00+00:00,-603.6,1673.3,3965.6,92.7,241.4,48.6,1125.6,0.0,1.6,9.9,225.9,922.4,710.1,0.0,8224.4,6592.0,25.3,28.3,Fraunhofer Energy-Charts
BE,2025-01-03 03:00:00+00:00,-612.9,1506.4,3965.9,91.6,239.8,49.0,1130.3,0.0,0.0,8.7,229.8,1207.1,648.5,0.0,8280.8,6425.2,27.8,30.4,Fraunhofer Energy-Charts
BE,2025-01-03 04:00:00+00:00,-630.0,1696.4,3965.4,90.5,240.2,47.9,1143.8,0.0,2.5,7.4,219.3,1258.0,639.1,0.0,8417.5,6520.3,27.8,30.7,Fraunhofer Energy-Charts
BE,2025-01-03 05:00:00+00:00,-253.6,1571.4,3964.7,90.9,240.2,53.3,1264.9,0.0,29.2,8.8,202.8,1544.7,714.7,0.0,9111.0,6851.6,29.5,33.3,Fraunhofer Energy-Charts
BE,2025-01-03 06:00:00+00:00,-72.9,1683.8,3963.8,90.8,245.1,61.1,1468.7,0.0,28.3,9.3,209.0,1523.6,815.3,0.0,9745.1,7406.2,28.5,33.1,Fraunhofer Energy-Charts
BE,2025-01-03 07:00:00+00:00,-0.5,1889.0,3963.5,92.2,249.4,67.0,1715.9,2.3,45.3,9.1,202.7,1645.6,870.5,0.1,10502.8,7986.7,28.2,33.6,Fraunhofer Energy-Charts
BE,2025-01-03 08:00:00+00:00,0.0,1738.5,3962.7,92.6,250.6,71.5,1622.8,344.3,33.3,9.3,203.0,1479.1,873.4,596.5,10768.7,7819.6,31.5,37.0,Fraunhofer Energy-Charts
BE,2025-01-03 09:00:00+00:00,-2.3,909.7,3962.5,89.2,247.7,64.6,1740.6,56.8,21.1,10.6,196.5,1587.5,840.3,2070.4,11466.8,6968.6,43.0,45.6,Fraunhofer Energy-Charts
BE,2025-01-03 10:00:00+00:00,-221.8,756.5,3962.3,92.9,250.9,68.1,1457.4,0.0,6.2,11.3,198.4,1691.1,744.5,3217.1,11848.6,6195.9,51.4,52.1,Fraunhofer Energy-Charts
BE,2025-01-03 11:00:00+00:00,-296.6,694.5,3962.3,94.0,251.6,74.8,1466.3,0.0,5.2,10.4,200.3,1483.1,754.0,3290.6,12105.7,6577.9,49.3,51.6,Fraunhofer Energy-Charts
BE,2025-01-03 12:00:00+00:00,-24.9,797.0,3961.9,96.6,253.1,76.8,1566.6,11.9,22.6,9.3,203.7,1447.5,875.8,1980.1,11408.7,7105.4,41.7,45.4,Fraunhofer Energy-Charts
BE,2025-01-03 13:00:00+00:00,0.0,1140.5,3959.5,96.8,253.3,71.4,1927.0,22.7,40.9,7.3,206.9,1353.5,948.1,861.6,11021.8,7858.6,32.8,37.3,Fraunhofer Energy-Charts
BE,2025-01-03 14:00:00+00:00,-2.8,1765.9,3959.7,96.3,248.7,65.2,2264.8,3.1,19.6,8.3,205.1,1149.3,805.3,353.3,10850.6,8542.7,25.4,30.1,Fraunhofer Energy-Charts
BE,2025-01-03 15:00:00+00:00,-3.7,2012.4,3960.5,96.2,250.7,67.3,2429.0,0.0,16.0,8.8,212.3,1076.5,816.6,64.6,10805.3,8847.7,22.3,26.8,Fraunhofer Energy-Charts
BE,2025-01-03 16:00:00+00:00,0.0,2253.3,3961.5,96.4,253.0,74.5,2550.4,195.6,23.7,7.4,211.4,948.5,837.2,0.0,11156.6,9370.9,20.1,25.1,Fraunhofer Energy-Charts
BE,2025-01-03 17:00:00+00:00,0.0,2297.2,3961.3,96.3,254.3,73.6,2580.1,260.9,42.9,8.1,211.7,752.7,847.8,0.0,11278.8,9678.2,18.2,23.4,Fraunhofer Energy-Charts
BE,2025-01-03 18:00:00+00:00,0.0,1984.3,3960.2,95.7,254.6,69.6,2533.9,331.6,23.9,8.5,208.3,691.7,782.3,0.0,10949.1,9475.1,17.6,22.4,Fraunhofer Energy-Charts
BE,2025-01-03 19:00:00+00:00,0.0,1999.6,3960.3,95.5,247.1,63.9,2494.5,129.6,16.8,7.2,208.9,551.1,684.2,0.0,10516.8,9281.6,16.0,20.2,Fraunhofer Energy-Charts
BE,2025-01-03 20:00:00+00:00,-4.3,1993.0,3961.6,95.4,247.7,58.4,2437.9,17.1,8.2,6.3,207.8,383.2,600.0,0.0,10028.3,9045.1,14.3,17.9,Fraunhofer Energy-Charts
BE,2025-01-03 21:00:00+00:00,0.0,2039.7,3961.2,95.5,248.3,57.7,2171.8,233.9,12.1,8.2,205.8,216.7,543.2,0.0,9768.4,9008.5,12.4,16.1,Fraunhofer Energy-Charts
BE,2025-01-03 22:00:00+00:00,0.0,2158.3,3961.8,95.4,246.3,59.7,1882.3,337.3,16.6,7.6,196.9,151.3,530.8,0.0,9770.9,9088.8,11.5,15.7,Fraunhofer Energy-Charts
