zone,timestamp_utc,hydro_pumped_storage_consumption,cross_border_electricity_trading,nuclear,hydro_run-of-river,biomass,fossil_hard_coal,fossil_oil,fossil_gas,hydro_water_reservoir,hydro_pumped_storage,waste,wind_offshore,wind_onshore,solar,load,residual_load,renewable_share_of_load,renewable_share_of_generation,source
FR,2024-12-31 23:00:00+00:00,-2350.3,418.9,47980.3,4409.9,342.3,0.0,109.5,2187.5,623.8,173.1,299.2,1377.9,9523.8,0.0,64520.6,53619.0,25.5,24.6,Fraunhofer Energy-Charts
FR,2025-01-01 00:00:00+00:00,-2391.0,-197.0,45073.3,4375.9,361.1,0.0,110.0,1763.0,706.1,218.3,299.3,1377.2,9888.0,0.0,61780.0,50514.8,27.3,26.4,Fraunhofer Energy-Charts
FR,2025-01-01 01:00:00+00:00,-2614.6,-775.7,44840.7,4301.9,358.7,0.0,110.5,1607.1,721.6,69.4,296.3,1378.8,10195.2,0.0,61409.2,49835.2,27.9,26.8,Fraunhofer Energy-Charts
FR,2025-01-01 02:00:00+00:00,-2894.9,-1161.3,43367.3,4204.2,361.4,0.0,110.0,1608.8,246.7,6.0,291.8,1362.6,10404.2,0.0,58795.5,47028.8,28.4,27.0,Fraunhofer Energy-Charts
FR,2025-01-01 03:00:00+00:00,-3069.1,-890.1,41780.2,4004.6,357.8,0.0,110.3,1632.0,212.8,0.2,296.8,1414.8,10635.8,0.0,56698.1,44647.5,29.6,27.8,Fraunhofer Energy-Charts
FR,2025-01-01 04:00:00+00:00,-2916.7,-1698.4,41198.1,3748.6,359.7,0.0,110.8,1619.7,420.7,0.2,296.9,1403.5,10957.1,0.0,56088.9,43728.3,30.4,28.3,Fraunhofer Energy-Charts
FR,2025-01-01 05:00:00+00:00,-3074.4,-1934.6,41492.3,3746.8,359.7,0.0,110.6,1623.6,380.0,0.3,295.4,1427.2,11448.0,0.0,56391.9,43516.8,31.0,28.8,Fraunhofer Energy-Charts
FR,2025-01-01 06:00:00+00:00,-3141.3,-1552.0,41053.4,3904.4,359.1,0.0,110.8,1804.7,282.2,0.2,294.0,1437.0,12135.0,0.0,56884.0,43311.9,32.1,29.8,Fraunhofer Energy-Charts
FR,2025-01-01 07:00:00+00:00,-3091.0,-3390.5,41251.4,3851.7,359.7,0.0,110.5,1841.3,251.7,77.7,295.6,1436.4,12533.7,318.4,57114.1,42825.6,33.1,30.4,Fraunhofer Energy-Charts
FR,2025-01-01 08:00:00+00:00,-3107.4,-4417.1,42525.5,3816.7,360.2,0.0,110.3,1860.4,319.8,104.9,297.0,1438.1,13169.5,802.1,57232.7,41823.1,35.0,31.0,Fraunhofer Energy-Charts
FR,2025-01-01 09:00:00+00:00,-3057.7,-5542.5,42434.2,3570.3,359.6,0.0,110.5,1862.3,229.4,3.2,307.2,1438.6,13503.9,2972.1,58527.3,40612.6,38.0,33.3,Fraunhofer Energy-Charts
FR,2025-01-01 10:00:00+00:00,-2428.8,-7958.5,42159.2,3532.0,358.1,0.0,110.4,1863.4,106.2,0.2,301.1,1437.9,13736.8,5294.2,59769.0,39300.1,41.2,35.7,Fraunhofer Energy-Charts
FR,2025-01-01 11:00:00+00:00,-2695.8,-9058.2,43398.2,3576.4,360.1,0.0,110.9,1861.2,343.7,5.8,298.0,1437.5,14034.9,6684.7,61068.5,38911.5,43.5,36.9,Fraunhofer Energy-Charts
FR,2025-01-01 12:00:00+00:00,-2466.9,-9552.8,42781.5,3688.1,356.8,0.0,110.3,1852.5,824.6,171.2,292.6,1438.2,14221.3,7137.5,60866.5,38069.5,45.7,38.3,Fraunhofer Energy-Charts
FR,2025-01-01 13:00:00+00:00,-2480.9,-11384.2,42337.6,3680.2,360.8,0.0,110.0,1807.6,252.0,43.5,294.5,1438.2,14432.0,6555.3,58085.1,35659.6,46.3,37.7,Fraunhofer Energy-Charts
FR,2025-01-01 14:00:00+00:00,-2793.8,-9989.5,41990.1,3646.3,358.2,0.0,110.2,1766.5,100.0,0.2,294.7,1437.7,14527.6,4878.2,56335.2,35491.8,44.5,36.3,Fraunhofer Energy-Charts
FR,2025-01-01 15:00:00+00:00,-2396.5,-10183.5,42439.2,3603.8,355.1,0.0,110.5,1790.0,478.1,0.2,295.8,1436.0,14453.6,2104.1,55272.4,37278.6,40.8,33.7,Fraunhofer Energy-Charts
FR,2025-01-01 16:00:00+00:00,-1831.4,-9323.1,45487.5,3707.8,354.1,0.0,110.7,1990.2,753.2,0.4,285.1,1437.1,14845.9,381.3,57009.5,40345.2,37.9,31.2,Fraunhofer Energy-Charts
FR,2025-01-01 17:00:00+00:00,-2319.4,-8975.2,46962.0,4019.1,355.7,0.0,110.9,2120.2,642.1,482.6,301.1,1437.7,15725.6,290.8,61025.4,43571.3,37.1,31.4,Fraunhofer Energy-Charts
FR,2025-01-01 18:00:00+00:00,-2317.8,-8071.7,48137.5,4074.5,352.9,0.0,110.6,2172.5,554.8,595.5,304.1,1165.9,16147.5,296.9,63154.7,45544.5,36.0,31.0,Fraunhofer Energy-Charts
FR,2025-01-01 19:00:00+00:00,-2112.7,-8792.9,48380.2,3961.8,354.6,0.0,110.8,2238.9,655.2,665.0,303.6,816.9,15838.1,0.0,62029.9,45374.9,35.1,30.0,Fraunhofer Energy-Charts
FR,2025-01-01 20:00:00+00:00,-2158.9,-9140.4,48321.1,3854.3,355.0,0.0,110.9,1984.4,585.3,247.4,297.7,843.8,14817.6,0.0,59910.5,44249.1,34.4,29.0,Fraunhofer Energy-Charts
FR,2025-01-01 21:00:00+00:00,-2471.3,-7080.5,47965.5,3711.4,354.3,0.0,110.6,2078.8,454.5,175.9,302.9,662.6,13541.7,0.0,59416.9,45212.6,31.8,27.3,Fraunhofer Energy-Charts
FR,2025-01-01 22:00:00+00:00,-2219.2,-5587.8,47946.7,3658.1,354.6,0.0,110.3,2216.2,450.7,156.4,306.4,682.4,12521.9,0.0,60263.1,47058.8,29.6,26.1,Fraunhofer Energy-Charts
FR,2025-01-01 23:00:00+00:00,-2120.2,-5675.8,46809.0,3736.8,355.4,0.0,110.0,1996.2,495.0,4.7,302.9,546.1,11798.9,0.0,59004.2,46659.2,29.0,25.8,Fraunhofer Energy-Charts
FR,2025-01-02 00:00:00+00:00,-1384.2,-6804.7,44892.9,3695.5,357.1,0.0,110.7,1842.6,660.1,0.3,298.3,612.0,11020.1,0.0,55660.0,44027.8,29.6,26.0,Fraunhofer Energy-Charts
FR,2025-01-02 01:00:00+00:00,-1863.0,-6774.9,45233.7,3632.3,356.1,0.0,111.0,1848.8,558.1,0.3,295.1,538.7,10510.6,0.0,54874.2,43824.9,28.7,25.0,Fraunhofer Energy-Charts
FR,2025-01-02 02:00:00+00:00,-2562.1,-7772.8,45092.2,3591.9,357.1,0.0,110.8,1886.9,556.4,0.3,301.1,492.6,10065.9,0.0,52859.7,42301.2,28.8,24.4,Fraunhofer Energy-Charts
FR,2025-01-02 03:00:00+00:00,-2329.3,-8697.0,45197.7,3516.2,358.1,0.0,110.3,1885.3,441.2,0.3,297.7,325.3,9607.8,0.0,51549.2,41616.1,27.9,23.3,Fraunhofer Energy-Charts
FR,2025-01-02 04:00:00+00:00,-2316.0,-8694.0,47052.0,3403.8,358.4,0.0,110.2,1887.4,555.2,0.4,302.9,287.4,8918.0,0.0,52615.7,43410.3,26.0,21.7,Fraunhofer Energy-Charts
FR,2025-01-02 05:00:00+00:00,-2014.3,-9029.2,49436.0,3520.8,357.4,0.0,110.3,1869.6,782.2,169.9,299.4,255.7,8144.4,0.0,55571.1,47171.1,23.8,20.4,Fraunhofer Energy-Charts
FR,2025-01-02 06:00:00+00:00,-483.0,-8470.9,50557.1,4062.3,356.7,0.0,109.7,2324.5,1902.3,295.5,296.8,283.9,6892.5,0.0,58845.3,51668.9,23.2,20.4,Fraunhofer Energy-Charts
FR,2025-01-02 07:00:00+00:00,-1.2,-7969.6,51181.4,4460.6,355.5,0.0,109.6,2963.0,2512.3,788.6,293.9,222.0,5921.2,308.6,61768.9,55317.2,22.5,20.4,Fraunhofer Energy-Charts
FR,2025-01-02 08:00:00+00:00,-56.5,-8208.5,51576.8,4734.1,354.3,0.0,109.7,3769.9,2625.6,1794.9,292.4,309.3,5685.9,610.2,63786.7,57181.3,22.7,20.6,Fraunhofer Energy-Charts
FR,2025-01-02 09:00:00+00:00,-55.9,-8242.8,51958.7,4929.6,355.9,0.0,110.0,4189.5,2939.3,1755.6,289.9,248.4,5224.7,1702.2,65830.4,58655.1,23.6,21.6,Fraunhofer Energy-Charts
FR,2025-01-02 10:00:00+00:00,-1.2,-6219.7,51778.4,4664.7,350.8,0.0,110.4,4735.0,2679.7,1166.8,290.6,127.1,4456.6,2757.8,66671.5,59330.2,22.8,21.1,Fraunhofer Energy-Charts
FR,2025-01-02 11:00:00+00:00,-1.2,-5349.8,52310.0,4759.5,346.9,0.0,110.0,4742.4,2848.9,1470.3,288.5,158.7,3707.8,2904.4,68125.7,61354.7,21.8,20.6,Fraunhofer Energy-Charts
FR,2025-01-02 12:00:00+00:00,-1.2,-7079.5,52508.2,4992.6,348.5,0.0,110.6,4731.3,2872.8,2564.3,292.7,212.2,3202.6,2775.5,68310.6,62120.2,21.3,20.2,Fraunhofer Energy-Charts
FR,2025-01-02 13:00:00+00:00,-1.2,-6205.0,52608.2,4879.5,349.2,0.0,110.5,4807.5,2003.6,1519.2,294.8,294.6,3069.2,2557.0,66404.4,60483.6,20.0,18.7,Fraunhofer Energy-Charts
FR,2025-01-02 14:00:00+00:00,-1.1,-8300.3,53091.7,4988.7,354.5,0.0,110.5,4627.3,2816.3,1341.6,294.5,212.1,2698.1,1752.9,64819.5,60156.5,20.0,18.3,Fraunhofer Energy-Charts
FR,2025-01-02 15:00:00+00:00,-0.9,-10516.0,53038.2,5371.6,349.9,0.0,110.3,4803.8,3259.3,2533.3,298.1,315.7,2342.7,804.7,63442.0,59978.9,19.8,17.8,Fraunhofer Energy-Charts
FR,2025-01-02 16:00:00+00:00,-1.4,-9081.8,53036.6,5617.4,348.3,0.0,109.7,4943.6,3629.9,2802.7,302.4,338.0,2555.0,305.4,64172.0,60973.7,20.2,18.2,Fraunhofer Energy-Charts
FR,2025-01-02 17:00:00+00:00,-1.2,-7159.6,53205.3,5773.1,353.9,0.0,110.3,4975.2,3805.6,3109.4,294.2,310.8,2666.5,292.3,67069.5,63799.9,19.9,18.6,Fraunhofer Energy-Charts
FR,2025-01-02 18:00:00+00:00,-1.0,-6187.1,53227.6,5911.0,357.4,0.0,110.3,5030.6,3866.4,3097.6,298.0,276.4,2988.8,287.4,68991.6,65439.0,20.1,19.1,Fraunhofer Energy-Charts
FR,2025-01-02 19:00:00+00:00,-1.3,-7107.6,53253.9,5820.1,356.1,0.0,110.5,4825.0,3470.8,2406.5,293.3,239.2,3086.2,0.0,66660.7,63335.3,19.7,18.4,Fraunhofer Energy-Charts
FR,2025-01-02 20:00:00+00:00,-18.2,-8533.4,53058.5,5334.2,358.2,0.0,110.3,4404.9,3179.5,1695.7,293.7,172.9,2950.8,0.0,63437.0,60313.3,19.1,17.4,Fraunhofer Energy-Charts
FR,2025-01-02 21:00:00+00:00,-57.5,-5873.2,52366.8,5080.4,360.2,0.0,110.6,3909.7,2309.0,1264.2,295.6,173.4,2866.3,0.0,62360.5,59320.8,17.5,16.2,Fraunhofer Energy-Charts
FR,2025-01-02 22:00:00+00:00,-65.9,-4137.3,52281.9,5088.7,360.7,0.0,110.5,3361.6,1918.1,1552.3,295.5,203.8,2773.2,0.0,63432.6,60455.6,16.5,15.8,Fraunhofer Energy-Charts
FR,2025-01-02 23:00:00+00:00,-82.4,-4766.3,52199.3,5138.8,358.4,0.0,110.4,2887.0,2257.0,347.9,296.2,199.4,2703.3,0.0,62122.1,59219.4,17.4,16.3,Fraunhofer Energy-Charts
FR,2025-01-03 00:00:00+00:00,-1320.7,-5269.9,52177.6,4964.6,357.9,0.0,110.5,1912.9,2030.1,308.4,297.6,208.7,2471.2,0.0,58947.8,56267.9,17.3,15.8,Fraunhofer Energy-Charts
FR,2025-01-03 01:00:00+00:00,-2099.9,-5074.1,52352.8,4887.1,359.9,0.0,110.1,1826.3,1807.5,364.9,297.7,249.4,2434.4,0.0,58164.8,55481.0,17.0,15.4,Fraunhofer Energy-Charts
FR,2025-01-03 02:00:00+00:00,-2789.5,-5201.4,52061.4,4801.2,358.7,0.0,110.5,1846.7,1195.0,172.7,297.7,288.4,2294.5,0.0,56027.0,53444.1,16.2,14.4,Fraunhofer Energy-Charts
FR,2025-01-03 03:00:00+00:00,-2950.6,-5516.2,51744.9,4790.2,360.0,0.0,110.0,1860.0,1150.2,80.0,298.7,320.9,2288.9,0.0,54911.6,52301.7,16.5,14.4,Fraunhofer Energy-Charts
FR,2025-01-03 04:00:00+00:00,-2797.0,-4792.5,52149.7,4657.3,360.3,0.0,109.8,1829.7,1339.3,39.0,299.1,307.9,2190.1,0.0,56022.6,53524.5,16.1,14.2,Fraunhofer Energy-Charts
FR,2025-01-03 05:00:00+00:00,-1874.1,-3118.2,52037.8,4630.1,358.3,0.0,109.6,1883.7,1605.6,190.1,295.6,342.0,2135.7,0.0,58972.6,56494.9,15.6,14.5,Fraunhofer Energy-Charts
FR,2025-01-03 06:00:00+00:00,-1608.2,-2528.8,52883.5,5113.0,357.0,0.0,109.5,2224.9,2239.3,534.5,295.7,465.7,2191.9,0.0,62736.7,60079.2,16.8,16.0,Fraunhofer Energy-Charts
FR,2025-01-03 07:00:00+00:00,-335.3,-2272.5,52865.4,5536.9,357.8,0.0,109.8,3181.3,2776.7,490.7,294.8,465.1,2414.2,316.3,66170.4,62974.7,18.2,17.6,Fraunhofer Energy-Charts
FR,2025-01-03 08:00:00+00:00,-1.3,-4022.5,53298.1,6133.5,357.0,0.0,110.1,2949.9,3323.0,1833.1,292.3,488.5,2346.7,677.3,68341.5,64829.0,19.7,19.3,Fraunhofer Energy-Charts
FR,2025-01-03 09:00:00+00:00,-57.4,-2193.3,52971.5,6124.0,359.3,0.0,109.5,3123.6,3020.8,1339.8,294.2,526.5,2206.4,2184.3,69688.2,64771.0,20.9,20.5,Fraunhofer Energy-Charts
FR,2025-01-03 10:00:00+00:00,-290.5,-1024.2,53087.1,5654.5,356.8,0.0,109.9,3132.0,2452.6,440.3,295.0,555.8,2082.4,4098.3,70144.0,63407.5,21.9,21.4,Fraunhofer Energy-Charts
FR,2025-01-03 11:00:00+00:00,-219.8,-907.2,52920.8,5331.7,357.3,0.0,110.3,2737.7,1947.2,552.6,292.8,522.6,1944.7,4870.4,70376.2,63038.5,21.5,21.3,Fraunhofer Energy-Charts
FR,2025-01-03 12:00:00+00:00,-19.8,-1715.8,52710.8,5289.9,356.9,0.0,110.3,2412.2,1729.1,415.6,299.9,489.4,2133.0,5564.2,69644.2,61457.6,22.6,22.1,Fraunhofer Energy-Charts
FR,2025-01-03 13:00:00+00:00,-14.0,-2266.2,51966.0,5133.5,355.8,0.0,110.1,2276.1,1328.5,102.9,296.9,405.6,2529.2,4907.9,67030.8,59188.1,22.1,21.4,Fraunhofer Energy-Charts
FR,2025-01-03 14:00:00+00:00,-9.7,-3464.9,51797.2,5086.9,356.2,0.0,110.2,2314.5,1373.7,280.0,297.4,410.0,2600.9,3373.0,64926.8,58542.9,20.6,19.7,Fraunhofer Energy-Charts
FR,2025-01-03 15:00:00+00:00,-4.2,-5853.5,52065.0,5591.9,358.0,0.0,110.7,2599.2,2446.5,1209.2,298.0,450.0,2532.1,1357.7,64053.7,59713.9,20.1,19.0,Fraunhofer Energy-Charts
FR,2025-01-03 16:00:00+00:00,-1.4,-5741.4,52912.1,6093.1,357.4,0.0,110.7,2713.9,3114.8,2670.6,291.3,410.3,2530.2,332.6,66111.6,62838.5,19.6,18.9,Fraunhofer Energy-Charts
FR,2025-01-03 17:00:00+00:00,-1.1,-3277.6,52914.0,6465.7,358.6,0.0,117.1,2721.3,4125.1,3802.4,287.4,461.2,2664.1,306.0,70560.6,67129.3,20.6,20.6,Fraunhofer Energy-Charts
FR,2025-01-03 18:00:00+00:00,-1.2,-1587.2,52892.0,6494.1,354.1,0.0,858.2,2813.5,4145.0,3473.8,289.4,506.8,2851.2,307.9,72524.4,68858.5,20.4,20.7,Fraunhofer Energy-Charts
FR,2025-01-03 19:00:00+00:00,-1.3,-3535.4,53168.1,6484.9,353.4,0.0,867.7,2603.3,4083.9,2706.3,291.9,526.6,3087.8,0.0,70267.3,66653.0,20.9,20.5,Fraunhofer Energy-Charts
FR,2025-01-03 20:00:00+00:00,-1.3,-4516.9,53319.8,6200.0,356.2,0.0,109.7,2324.9,3733.3,1472.5,286.8,554.5,3141.5,0.0,67590.1,63894.0,20.9,20.2,Fraunhofer Energy-Charts
FR,2025-01-03 21:00:00+00:00,-50.8,-3598.2,53299.0,6032.4,360.6,0.0,110.0,2188.4,3630.4,1505.5,294.4,536.8,3079.5,0.0,66986.7,63370.3,20.6,19.8,Fraunhofer Energy-Charts
FR,2025-01-03 22:00:00+00:00,-57.4,-2600.0,53167.3,5893.4,357.6,0.0,109.8,2262.9,3365.1,1822.7,294.8,584.7,2982.1,0.0,68263.6,64696.8,19.5,19.3,Fraunhofer Energy-Charts
