zone,timestamp_utc,hydro_pumped_storage_consumption,cross_border_electricity_trading,nuclear,hydro_run-of-river,biomass,fossil_brown_coal___lignite,fossil_hard_coal,fossil_oil,fossil_coal-derived_gas,fossil_gas,hydro_water_reservoir,hydro_pumped_storage,others,other_renewables,waste,wind_onshore,solar,load,residual_load,renewable_share_of_load,renewable_share_of_generation,source
CZ,2024-12-31 23:00:00+00:00,-170.8,-1389.8,2971.6,25.1,244.1,3113.9,38.9,14.5,0.0,476.4,105.6,0.0,31.5,252.4,22.3,156.7,0.0,5900.7,5744.1,13.5,10.7,Fraunhofer Energy-Charts
CZ,2024-12-31 23:15:00+00:00,-313.7,-1390.4,2983.6,20.5,244.2,3077.1,40.2,20.3,0.0,576.2,139.8,35.8,31.0,253.3,22.8,160.9,0.0,5929.8,5768.9,14.0,11.0,Fraunhofer Energy-Charts
CZ,2024-12-31 23:30:00+00:00,-314.2,-1390.6,2983.6,27.6,244.1,3014.8,39.2,19.0,0.0,586.5,94.0,1.0,30.7,252.3,23.1,156.7,0.0,5871.6,5714.9,13.4,10.5,Fraunhofer Energy-Charts
CZ,2024-12-31 23:45:00+00:00,-209.4,-1390.8,2982.7,27.9,243.8,2872.1,38.5,23.1,0.0,675.4,92.8,0.0,30.8,251.7,22.8,150.4,0.0,5865.5,5715.1,13.3,10.5,Fraunhofer Energy-Charts
CZ,2025-01-01 00:00:00+00:00,-0.0,-1648.5,3011.8,77.8,245.5,2833.5,39.4,35.4,0.0,669.6,168.4,0.0,31.4,252.8,23.1,141.3,0.0,5902.1,5760.8,15.2,11.9,Fraunhofer Energy-Charts
CZ,2025-01-01 00:15:00+00:00,-0.0,-1648.8,3030.2,76.3,245.7,2922.8,30.5,39.9,0.0,644.1,216.4,0.0,31.9,253.7,23.0,126.4,0.0,5967.1,5840.7,15.6,12.2,Fraunhofer Energy-Charts
CZ,2025-01-01 00:30:00+00:00,-0.0,-1649.5,3028.9,82.6,245.7,2999.9,35.4,41.0,0.0,538.8,85.5,0.0,31.8,253.4,23.0,142.6,0.0,5922.7,5780.1,13.9,10.9,Fraunhofer Energy-Charts
CZ,2025-01-01 00:45:00+00:00,-0.0,-1649.5,3057.9,83.7,245.5,3027.9,38.7,32.1,0.0,564.5,73.8,0.0,32.0,253.6,23.0,153.2,0.0,5947.6,5794.3,13.8,10.8,Fraunhofer Energy-Charts
CZ,2025-01-01 01:00:00+00:00,-0.0,-1614.9,3076.5,84.8,245.2,3010.6,40.0,11.2,0.0,529.2,58.3,0.0,32.9,253.6,23.2,146.1,0.0,5939.8,5793.6,13.5,10.6,Fraunhofer Energy-Charts
CZ,2025-01-01 01:15:00+00:00,-0.0,-1614.8,3078.5,84.8,245.2,2984.2,37.7,13.4,0.0,526.3,58.4,0.0,32.7,253.9,23.2,141.3,0.0,5891.5,5750.2,13.5,10.6,Fraunhofer Energy-Charts
CZ,2025-01-01 01:30:00+00:00,-0.0,-1613.9,3107.2,84.8,245.1,2897.7,36.4,5.2,0.0,514.7,58.1,0.0,32.6,253.5,22.7,149.9,0.0,5880.1,5730.1,13.7,10.8,Fraunhofer Energy-Charts
CZ,2025-01-01 01:45:00+00:00,-0.0,-1614.9,3125.7,85.0,245.1,2758.5,37.6,13.9,0.0,536.8,56.6,0.0,32.5,252.9,23.1,141.0,0.0,5829.1,5688.1,13.6,10.8,Fraunhofer Energy-Charts
CZ,2025-01-01 02:00:00+00:00,-0.0,-1545.9,3126.8,86.4,244.4,2812.1,38.9,20.5,0.0,523.7,46.9,0.0,32.2,252.8,23.3,132.5,0.0,5830.2,5697.7,13.3,10.6,Fraunhofer Energy-Charts
CZ,2025-01-01 02:15:00+00:00,-0.0,-1545.9,3164.9,86.3,244.5,2775.1,39.0,27.6,0.0,510.1,47.0,0.0,31.9,253.6,23.0,135.8,0.0,5821.4,5685.6,13.4,10.6,Fraunhofer Energy-Charts
CZ,2025-01-01 02:30:00+00:00,-0.0,-1545.9,3170.9,86.4,244.3,2783.4,36.3,18.4,0.0,506.9,46.9,0.0,32.0,253.1,22.9,144.3,0.0,5786.8,5642.5,13.6,10.7,Fraunhofer Energy-Charts
CZ,2025-01-01 02:45:00+00:00,-0.0,-1545.9,3187.1,86.4,243.3,2720.8,30.4,0.0,0.0,451.3,46.7,0.0,32.2,252.9,22.8,149.7,0.0,5728.2,5578.4,13.8,10.9,Fraunhofer Energy-Charts
CZ,2025-01-01 03:00:00+00:00,-0.0,-1445.9,3221.0,86.4,244.0,2757.2,39.5,0.0,0.0,327.6,46.5,0.0,33.7,253.5,22.7,146.0,0.0,5762.8,5616.8,13.7,11.0,Fraunhofer Energy-Charts
CZ,2025-01-01 03:15:00+00:00,-0.0,-1445.9,3250.0,86.4,243.5,2792.7,33.4,0.0,0.0,292.7,46.4,0.0,33.8,253.7,22.5,148.2,0.0,5767.4,5619.2,13.7,11.0,Fraunhofer Energy-Charts
CZ,2025-01-01 03:30:00+00:00,-0.0,-1445.9,3265.8,86.2,244.1,2749.0,36.9,4.7,0.0,292.6,47.7,0.0,33.8,252.9,23.0,150.1,0.0,5779.4,5629.4,13.7,11.0,Fraunhofer Energy-Charts
CZ,2025-01-01 03:45:00+00:00,-0.0,-1445.9,3269.4,86.3,244.1,2763.6,30.6,3.6,0.0,293.1,47.5,0.0,33.8,251.9,22.8,145.9,0.0,5762.4,5616.5,13.7,10.9,Fraunhofer Energy-Charts
CZ,2025-01-01 04:00:00+00:00,-183.1,-1389.7,3308.6,86.3,246.2,2787.5,36.9,20.7,0.0,299.6,47.2,0.0,33.8,251.3,23.3,150.2,0.0,5771.0,5620.8,13.7,10.9,Fraunhofer Energy-Charts
CZ,2025-01-01 04:15:00+00:00,-218.5,-1385.6,3314.2,86.3,246.0,2867.0,37.1,8.9,0.0,297.3,47.0,0.0,34.2,251.1,22.5,146.1,0.0,5771.1,5625.0,13.7,10.7,Fraunhofer Energy-Charts
CZ,2025-01-01 04:30:00+00:00,-218.4,-1385.6,3315.7,86.6,245.5,2850.0,39.1,0.0,0.0,297.1,45.1,0.0,34.3,250.1,22.6,141.8,0.0,5758.8,5617.0,13.6,10.7,Fraunhofer Energy-Charts
CZ,2025-01-01 04:45:00+00:00,-182.8,-1385.6,3315.2,85.6,245.2,2809.2,38.9,17.4,0.0,299.1,52.1,0.0,35.6,251.2,23.0,141.4,0.0,5744.6,5603.3,13.7,10.8,Fraunhofer Energy-Charts
CZ,2025-01-01 05:00:00+00:00,-207.4,-1467.2,3344.5,78.2,246.1,2727.2,39.2,0.0,0.0,304.8,138.1,0.0,45.9,255.0,23.2,137.0,0.0,5767.6,5630.6,15.0,11.8,Fraunhofer Energy-Charts
CZ,2025-01-01 05:15:00+00:00,-313.4,-1475.9,3361.4,77.7,246.4,2791.5,39.5,3.6,0.0,305.7,148.4,0.0,48.4,257.2,23.0,137.3,0.0,5775.0,5637.8,15.2,11.8,Fraunhofer Energy-Charts
CZ,2025-01-01 05:30:00+00:00,-313.4,-1462.6,3362.4,77.7,246.4,2818.8,35.1,0.5,0.0,304.0,148.5,0.0,48.6,256.1,22.9,151.9,0.0,5796.8,5644.9,15.4,11.9,Fraunhofer Energy-Charts
CZ,2025-01-01 05:45:00+00:00,-208.7,-1465.4,3394.3,77.7,246.4,2740.1,40.5,3.2,0.0,302.6,149.1,0.0,48.8,254.9,22.5,155.2,0.0,5819.2,5664.0,15.4,12.0,Fraunhofer Energy-Charts
CZ,2025-01-01 06:00:00+00:00,-0.0,-1576.5,3412.8,77.0,245.8,2642.1,39.6,8.9,0.0,304.4,164.7,0.0,52.5,256.7,22.9,149.4,8.4,5876.1,5718.3,15.5,12.4,Fraunhofer Energy-Charts
CZ,2025-01-01 06:15:00+00:00,-0.0,-1576.5,3412.0,74.6,246.6,2596.3,42.5,48.1,0.0,302.9,245.7,0.0,55.0,259.4,22.4,152.1,12.6,5931.1,5766.5,16.9,13.4,Fraunhofer Energy-Charts
CZ,2025-01-01 06:30:00+00:00,-0.0,-1576.5,3440.3,76.8,246.2,2592.4,37.3,28.7,0.0,299.7,170.8,0.0,55.9,259.3,22.6,162.4,12.6,5854.5,5679.6,16.0,12.7,Fraunhofer Energy-Charts
CZ,2025-01-01 06:45:00+00:00,-86.6,-1576.5,3456.5,77.7,245.7,2601.4,35.1,1.2,0.0,300.1,148.3,0.0,54.3,258.5,22.8,163.3,13.0,5822.1,5645.8,15.8,12.4,Fraunhofer Energy-Charts
CZ,2025-01-01 07:00:00+00:00,-358.5,-979.8,3456.1,84.4,245.1,2499.6,36.3,4.9,0.0,309.5,79.2,0.0,54.9,258.4,22.6,158.1,18.3,5785.4,5608.9,14.8,11.8,Fraunhofer Energy-Charts
CZ,2025-01-01 07:15:00+00:00,-364.7,-954.8,3484.2,85.5,244.5,2351.6,31.9,0.0,0.0,306.8,69.5,0.0,53.9,257.8,22.7,158.7,49.1,5818.9,5611.0,15.1,12.3,Fraunhofer Energy-Charts
CZ,2025-01-01 07:30:00+00:00,-364.3,-924.5,3504.9,85.5,244.5,2304.4,31.7,0.0,0.0,304.4,69.6,0.0,52.4,257.9,22.4,165.3,105.6,5894.0,5623.1,15.9,13.1,Fraunhofer Energy-Charts
CZ,2025-01-01 07:45:00+00:00,-364.2,-894.8,3512.2,86.3,244.4,2268.1,31.5,0.0,0.0,305.7,63.0,0.0,53.6,258.8,22.5,160.0,173.0,5971.9,5638.8,16.7,13.9,Fraunhofer Energy-Charts
CZ,2025-01-01 08:00:00+00:00,-595.7,-370.8,3512.9,64.0,244.3,2217.4,31.8,0.0,0.0,303.5,1.2,0.0,51.1,256.0,22.4,155.8,243.6,6034.5,5635.2,16.2,13.7,Fraunhofer Energy-Charts
CZ,2025-01-01 08:15:00+00:00,-687.2,-360.8,3513.0,61.5,244.3,2188.6,32.1,0.0,0.0,302.7,0.0,0.0,49.9,256.7,22.4,149.4,314.1,6146.5,5683.0,16.9,14.5,Fraunhofer Energy-Charts
CZ,2025-01-01 08:30:00+00:00,-686.4,-343.4,3513.7,61.5,244.3,2149.7,32.6,0.0,0.0,303.0,0.0,0.0,50.5,257.1,22.9,140.6,373.5,6225.7,5711.6,17.5,15.2,Fraunhofer Energy-Charts
CZ,2025-01-01 08:45:00+00:00,-686.1,-370.3,3514.9,61.4,244.3,2134.2,32.1,0.0,0.0,303.4,0.0,0.0,51.0,258.8,22.7,138.4,468.0,6330.9,5724.6,18.7,16.4,Fraunhofer Energy-Charts
CZ,2025-01-01 09:00:00+00:00,-799.2,-230.0,3516.8,54.4,245.1,2188.4,35.3,1.3,0.0,304.5,0.0,0.0,52.6,259.5,22.9,152.2,545.8,6471.2,5773.2,19.6,17.2,Fraunhofer Energy-Charts
CZ,2025-01-01 09:15:00+00:00,-799.2,-234.2,3518.6,54.5,245.6,2154.8,32.3,14.2,0.0,308.2,0.0,0.0,52.1,258.4,23.2,157.4,641.3,6530.7,5732.0,21.0,18.3,Fraunhofer Energy-Charts
CZ,2025-01-01 09:30:00+00:00,-797.1,-217.6,3519.5,54.8,245.6,2128.7,34.4,15.2,0.0,310.2,0.0,0.0,51.9,258.2,23.0,165.0,761.3,6653.5,5727.1,22.5,19.8,Fraunhofer Energy-Charts
CZ,2025-01-01 09:45:00+00:00,-796.8,-239.5,3520.7,54.4,245.4,2150.4,32.6,6.1,0.0,309.0,0.0,0.0,52.1,258.6,22.8,165.9,794.8,6647.5,5686.8,23.0,20.1,Fraunhofer Energy-Charts
CZ,2025-01-01 10:00:00+00:00,-795.9,-151.5,3520.8,53.4,245.2,2120.3,31.6,0.0,0.0,308.9,0.0,0.0,52.2,257.9,23.4,166.4,859.9,6703.9,5677.6,23.8,20.9,Fraunhofer Energy-Charts
CZ,2025-01-01 10:15:00+00:00,-794.9,-152.5,3520.8,53.4,245.2,2117.2,32.1,0.0,0.0,308.7,0.0,0.0,52.2,257.9,23.3,160.8,977.7,6810.1,5671.6,25.1,22.0,Fraunhofer Energy-Charts
CZ,2025-01-01 10:30:00+00:00,-793.5,-152.5,3518.8,53.5,246.2,2117.9,32.9,1.2,0.0,309.0,0.0,0.0,52.0,258.1,23.4,163.3,1011.2,6856.6,5682.1,25.4,22.4,Fraunhofer Energy-Charts
CZ,2025-01-01 10:45:00+00:00,-792.4,-150.0,3517.9,53.4,246.4,2119.0,33.8,6.8,0.0,306.9,0.0,0.0,52.5,260.1,23.6,165.8,969.9,6769.0,5633.3,25.2,22.0,Fraunhofer Energy-Charts
CZ,2025-01-01 11:00:00+00:00,-790.1,-267.0,3516.1,52.6,246.6,2197.7,38.8,11.7,0.0,304.9,0.0,0.0,50.8,259.3,23.6,169.2,972.7,6757.3,5615.4,25.3,21.8,Fraunhofer Energy-Charts
CZ,2025-01-01 11:15:00+00:00,-789.6,-272.0,3515.8,52.7,246.7,2171.7,37.9,15.4,0.0,304.9,0.0,0.0,50.6,259.6,23.6,173.7,956.2,6797.6,5667.7,25.0,21.8,Fraunhofer Energy-Charts
CZ,2025-01-01 11:30:00+00:00,-787.8,-271.0,3515.3,52.7,246.6,2171.7,36.8,15.4,0.0,305.1,0.0,0.0,50.8,260.6,23.9,177.0,923.2,6755.0,5654.9,24.8,21.5,Fraunhofer Energy-Charts
CZ,2025-01-01 11:45:00+00:00,-787.8,-271.0,3515.5,52.6,246.5,2137.1,32.1,7.3,0.0,307.0,0.0,0.0,50.9,260.8,23.8,178.5,859.9,6737.2,5698.9,23.9,21.0,Fraunhofer Energy-Charts
CZ,2025-01-01 12:00:00+00:00,-602.5,-491.4,3514.0,90.1,246.5,2187.6,32.5,0.0,0.0,301.4,19.9,0.0,50.2,259.4,23.7,177.8,838.5,6818.6,5802.3,24.1,21.2,Fraunhofer Energy-Charts
CZ,2025-01-01 12:15:00+00:00,-519.1,-496.4,3514.8,90.1,246.5,2180.7,32.8,0.0,0.0,301.1,19.9,0.0,49.7,259.3,23.7,179.5,819.8,6754.3,5755.0,24.1,21.1,Fraunhofer Energy-Charts
CZ,2025-01-01 12:30:00+00:00,-518.4,-485.4,3515.9,90.1,246.5,2145.9,33.1,0.0,0.0,301.4,19.8,0.0,50.1,260.0,24.2,176.3,718.6,6723.6,5828.7,22.7,20.1,Fraunhofer Energy-Charts
CZ,2025-01-01 12:45:00+00:00,-517.8,-496.4,3515.6,90.1,246.9,2263.6,39.1,9.2,0.0,301.9,19.8,0.0,50.5,261.1,23.5,174.2,607.6,6693.1,5911.3,21.1,18.6,Fraunhofer Energy-Charts
CZ,2025-01-01 13:00:00+00:00,-414.7,-792.8,3515.3,90.1,247.4,2443.2,33.8,10.8,0.0,301.6,19.8,0.0,50.1,260.9,23.5,176.1,530.7,6706.3,5999.5,19.9,17.4,Fraunhofer Energy-Charts
CZ,2025-01-01 13:15:00+00:00,-412.9,-786.5,3515.9,90.1,248.3,2534.3,33.1,6.3,0.0,302.5,19.8,0.0,50.6,262.8,23.9,177.2,451.6,6689.2,6060.4,18.9,16.4,Fraunhofer Energy-Charts
CZ,2025-01-01 13:30:00+00:00,-375.7,-786.5,3514.9,90.1,249.3,2596.6,40.4,15.8,0.0,305.5,19.9,0.0,51.4,263.4,23.8,178.4,359.4,6597.0,6059.2,17.8,15.2,Fraunhofer Energy-Charts
CZ,2025-01-01 13:45:00+00:00,-222.2,-786.5,3514.4,89.8,250.2,2592.6,41.9,25.1,0.0,304.2,21.1,0.0,52.2,264.0,23.7,180.2,277.9,6557.6,6099.4,16.7,14.3,Fraunhofer Energy-Charts
CZ,2025-01-01 14:00:00+00:00,-0.0,-1280.0,3514.5,84.9,250.1,2671.3,37.4,22.2,0.0,306.0,48.6,70.0,52.2,263.6,23.3,186.9,203.5,6565.2,6174.8,16.0,13.7,Fraunhofer Energy-Charts
CZ,2025-01-01 14:15:00+00:00,-0.0,-1279.1,3515.0,84.9,250.4,2739.8,42.1,25.8,0.0,311.3,48.7,88.7,52.4,264.3,24.1,186.1,133.8,6534.5,6214.6,15.0,12.8,Fraunhofer Energy-Charts
CZ,2025-01-01 14:30:00+00:00,-0.0,-1279.1,3513.2,82.0,250.6,2773.5,43.5,41.6,0.0,313.1,71.6,104.7,53.2,264.6,23.9,181.3,76.3,6534.6,6277.1,14.4,12.2,Fraunhofer Energy-Charts
CZ,2025-01-01 14:45:00+00:00,-0.0,-1279.1,3511.9,81.5,250.7,2787.7,40.4,41.1,0.0,310.1,76.1,175.4,54.9,264.4,23.4,183.2,34.9,6578.2,6360.2,13.7,11.8,Fraunhofer Energy-Charts
CZ,2025-01-01 15:00:00+00:00,-0.0,-1252.7,3512.5,79.9,250.0,2748.3,34.6,12.9,0.0,316.1,93.6,264.8,58.9,264.5,23.7,182.3,16.5,6571.3,6372.5,13.7,11.8,Fraunhofer Energy-Charts
CZ,2025-01-01 15:15:00+00:00,-0.0,-1251.7,3511.8,79.5,249.2,2759.9,39.7,8.5,0.0,316.5,98.3,286.9,59.0,264.7,23.4,189.8,13.3,6667.2,6464.0,13.6,11.9,Fraunhofer Energy-Charts
CZ,2025-01-01 15:30:00+00:00,-0.0,-1251.7,3511.1,79.5,249.4,2811.7,42.9,28.6,0.0,322.7,98.8,289.8,59.3,265.3,23.2,189.5,13.2,6778.1,6575.4,13.4,11.8,Fraunhofer Energy-Charts
CZ,2025-01-01 15:45:00+00:00,-0.0,-1251.7,3511.8,78.5,249.4,2830.3,42.9,34.0,0.0,324.8,111.8,279.0,59.4,265.6,23.4,190.2,10.4,6786.0,6585.3,13.5,11.9,Fraunhofer Energy-Charts
CZ,2025-01-01 16:00:00+00:00,-0.0,-1390.2,3513.2,72.7,249.4,2793.7,37.9,23.5,0.0,320.1,355.1,494.0,61.0,266.1,23.0,191.8,0.0,6938.8,6746.9,16.5,14.5,Fraunhofer Energy-Charts
CZ,2025-01-01 16:15:00+00:00,-0.0,-1390.2,3513.2,72.4,249.0,2754.9,33.7,6.5,0.0,318.2,383.8,469.3,61.6,265.7,23.4,192.0,0.0,6904.0,6712.0,17.0,14.9,Fraunhofer Energy-Charts
CZ,2025-01-01 16:30:00+00:00,-0.0,-1390.2,3513.2,72.4,248.9,2739.9,32.9,0.5,0.0,315.3,384.0,471.3,61.5,265.8,23.0,193.6,0.0,6904.1,6710.4,17.0,15.0,Fraunhofer Energy-Charts
CZ,2025-01-01 16:45:00+00:00,-0.0,-1390.2,3514.2,72.5,248.8,2747.5,32.0,0.0,0.0,314.6,374.8,467.2,62.5,266.9,22.9,193.1,0.0,6869.2,6676.1,17.0,14.9,Fraunhofer Energy-Charts
CZ,2025-01-01 17:00:00+00:00,-0.0,-1435.8,3513.9,74.8,249.3,2799.9,38.4,10.8,0.0,322.4,273.6,407.4,66.2,268.5,22.8,189.8,0.0,6865.5,6675.7,15.5,13.6,Fraunhofer Energy-Charts
CZ,2025-01-01 17:15:00+00:00,-0.0,-1435.8,3514.9,74.8,249.6,2833.5,42.4,26.0,0.0,327.4,271.2,413.5,66.1,268.9,22.9,194.2,0.0,6893.9,6699.7,15.5,13.6,Fraunhofer Energy-Charts
CZ,2025-01-01 17:30:00+00:00,-0.0,-1435.8,3515.8,75.2,249.6,2809.8,42.0,26.0,0.0,320.8,254.4,417.8,65.9,268.6,23.2,185.9,0.0,6841.7,6655.8,15.3,13.3,Fraunhofer Energy-Charts
CZ,2025-01-01 17:45:00+00:00,-0.0,-1436.8,3514.0,75.6,249.3,2794.8,34.9,11.6,0.0,320.3,239.1,418.6,65.5,268.3,23.1,183.6,0.0,6782.6,6599.0,15.1,13.2,Fraunhofer Energy-Charts
CZ,2025-01-01 18:00:00+00:00,-0.0,-1544.2,3513.9,78.6,249.6,2837.2,40.5,28.8,0.0,324.8,131.8,466.9,64.1,267.2,23.9,187.5,0.0,6723.1,6535.6,13.8,12.0,Fraunhofer Energy-Charts
CZ,2025-01-01 18:15:00+00:00,-0.0,-1544.2,3514.1,77.9,250.2,2854.7,42.8,53.7,0.0,325.6,144.1,470.7,64.9,268.4,24.0,191.3,0.0,6766.2,6574.9,14.0,12.1,Fraunhofer Energy-Charts
CZ,2025-01-01 18:30:00+00:00,-0.0,-1544.2,3515.4,78.0,250.1,2840.9,42.6,52.5,0.0,322.3,143.8,481.4,65.1,269.0,23.9,191.1,0.0,6755.4,6564.3,14.0,12.1,Fraunhofer Energy-Charts
CZ,2025-01-01 18:45:00+00:00,-0.0,-1544.2,3515.4,78.2,250.1,2836.8,42.7,52.8,0.0,322.0,139.6,519.7,65.0,268.6,23.8,191.4,0.0,6782.6,6591.1,13.9,12.1,Fraunhofer Energy-Charts
CZ,2025-01-01 19:00:00+00:00,-0.0,-1562.6,3514.3,77.7,250.3,2827.1,43.7,51.3,0.0,361.2,129.2,537.4,60.8,266.3,23.7,190.6,0.0,6783.0,6592.4,13.6,11.9,Fraunhofer Energy-Charts
CZ,2025-01-01 19:15:00+00:00,-0.0,-1562.6,3513.2,77.7,250.3,2832.8,42.5,50.8,0.0,363.5,127.9,512.3,60.1,263.8,24.1,184.4,0.0,6783.6,6599.2,13.5,11.8,Fraunhofer Energy-Charts
CZ,2025-01-01 19:30:00+00:00,-0.0,-1562.6,3512.1,77.8,250.0,2783.3,38.1,37.8,0.0,357.9,127.5,541.3,59.9,261.1,23.8,179.0,0.0,6697.1,6518.2,13.5,11.8,Fraunhofer Energy-Charts
CZ,2025-01-01 19:45:00+00:00,-0.0,-1562.6,3512.2,80.0,249.3,2745.3,33.5,2.1,0.0,356.8,92.5,501.9,58.9,258.4,23.2,182.8,0.0,6563.9,6381.1,13.3,11.5,Fraunhofer Energy-Charts
CZ,2025-01-01 20:00:00+00:00,-0.0,-1502.5,3513.8,90.1,249.2,2790.0,41.2,10.7,0.0,314.6,26.5,337.6,54.2,259.1,23.5,187.8,0.0,6416.2,6228.4,12.8,10.9,Fraunhofer Energy-Charts
CZ,2025-01-01 20:15:00+00:00,-0.0,-1503.5,3443.2,90.5,249.3,2798.7,42.2,20.2,0.0,303.4,24.9,381.2,52.7,260.7,23.4,192.3,0.0,6415.8,6223.5,12.9,11.1,Fraunhofer Energy-Charts
CZ,2025-01-01 20:30:00+00:00,-0.0,-1503.5,2960.8,76.4,250.2,2834.7,43.7,40.9,0.0,305.7,183.6,538.9,53.3,261.3,23.6,195.6,0.0,6316.9,6121.3,15.5,13.5,Fraunhofer Energy-Charts
CZ,2025-01-01 20:45:00+00:00,-0.0,-1503.5,2620.0,80.3,253.7,2884.0,47.8,33.5,0.0,317.2,105.6,689.1,54.8,262.9,23.8,191.5,0.0,6158.5,5967.0,14.7,13.2,Fraunhofer Energy-Charts
CZ,2025-01-01 21:00:00+00:00,-0.0,-1701.0,2481.0,73.1,250.4,2881.3,46.8,62.4,0.0,324.0,329.7,718.6,37.7,254.7,24.1,192.1,0.0,6222.4,6030.3,17.9,16.0,Fraunhofer Energy-Charts
CZ,2025-01-01 21:15:00+00:00,-0.0,-1701.0,2481.7,73.0,254.6,2928.2,54.9,70.7,0.0,336.4,342.2,701.8,36.8,255.5,23.6,184.8,0.0,6080.1,5895.3,18.5,15.9,Fraunhofer Energy-Charts
CZ,2025-01-01 21:30:00+00:00,-0.0,-1702.0,2483.6,75.1,255.5,2951.0,55.2,59.3,0.0,424.6,223.7,663.4,42.5,257.9,24.3,182.2,0.0,6018.5,5836.3,16.7,14.3,Fraunhofer Energy-Charts
CZ,2025-01-01 21:45:00+00:00,-0.0,-1702.0,2486.5,87.6,251.7,2900.9,44.2,36.0,0.0,717.7,39.0,656.5,42.7,258.1,23.5,184.4,0.0,6054.8,5870.4,13.8,11.8,Fraunhofer Energy-Charts
CZ,2025-01-01 22:00:00+00:00,-0.0,-1757.0,2485.7,75.6,251.8,2855.7,43.9,37.9,0.0,838.4,205.9,445.1,34.8,252.9,23.8,185.0,0.0,6059.7,5874.8,16.2,13.5,Fraunhofer Energy-Charts
CZ,2025-01-01 22:15:00+00:00,-0.0,-1757.0,2485.1,74.5,251.3,2789.7,37.0,19.7,0.0,842.3,250.0,459.2,33.3,251.7,24.3,188.7,0.0,5950.0,5761.3,17.3,14.2,Fraunhofer Energy-Charts
CZ,2025-01-01 22:30:00+00:00,-0.0,-1757.0,2483.8,80.2,251.2,2783.6,39.9,18.2,0.0,848.5,105.5,436.2,33.0,250.7,24.1,189.2,0.0,5806.7,5617.5,15.3,12.5,Fraunhofer Energy-Charts
CZ,2025-01-01 22:45:00+00:00,-0.0,-1758.0,2482.3,80.5,250.8,2725.9,34.3,4.8,0.0,845.8,102.5,425.6,32.7,244.1,23.8,186.2,0.0,5714.8,5528.6,15.3,12.5,Fraunhofer Energy-Charts
CZ,2025-01-01 23:00:00+00:00,-200.6,-718.9,2482.7,86.7,250.5,2647.4,48.9,1.4,0.0,767.5,48.7,84.5,31.9,244.1,23.8,187.8,0.0,5724.2,5536.3,14.5,12.2,Fraunhofer Energy-Charts
CZ,2025-01-01 23:15:00+00:00,-246.2,-733.7,2485.0,87.0,248.2,2682.7,50.6,14.6,0.0,739.6,46.3,0.0,32.4,246.1,24.3,184.9,0.0,5646.3,5461.4,14.6,12.1,Fraunhofer Energy-Charts
CZ,2025-01-01 23:30:00+00:00,-324.6,-747.0,2485.2,87.2,255.3,2693.1,43.1,0.0,0.0,722.5,45.5,0.0,31.9,247.6,24.0,192.8,0.0,5663.1,5470.3,14.8,12.3,Fraunhofer Energy-Charts
CZ,2025-01-01 23:45:00+00:00,-433.0,-719.3,2483.6,87.5,255.9,2703.5,42.8,0.0,0.0,773.8,43.7,0.0,31.9,247.8,23.9,191.8,0.0,5724.6,5532.9,14.6,12.2,Fraunhofer Energy-Charts
CZ,2025-01-02 00:00:00+00:00,-753.5,-350.0,2481.7,92.2,255.8,2721.9,50.4,0.0,0.0,767.3,20.9,0.0,31.6,245.5,24.1,186.7,0.0,5714.9,5528.2,14.2,11.8,Fraunhofer Energy-Charts
CZ,2025-01-02 00:15:00+00:00,-754.0,-405.8,2480.2,92.4,256.4,2734.0,49.5,0.0,0.0,768.7,20.2,0.0,32.2,248.5,24.3,190.9,0.0,5698.2,5507.3,14.4,11.9,Fraunhofer Energy-Charts
CZ,2025-01-02 00:30:00+00:00,-753.0,-424.8,2482.1,92.4,256.2,2715.5,49.2,0.0,0.0,766.8,20.2,0.0,32.6,246.4,24.1,188.1,0.0,5662.9,5474.8,14.4,11.9,Fraunhofer Energy-Charts
CZ,2025-01-02 00:45:00+00:00,-753.2,-393.6,2484.1,92.4,256.3,2706.1,43.7,0.0,0.0,739.9,20.1,0.0,32.6,247.8,23.9,190.8,0.0,5647.9,5457.1,14.5,12.0,Fraunhofer Energy-Charts
CZ,2025-01-02 01:00:00+00:00,-750.4,-562.8,2484.4,92.4,256.3,2726.4,49.3,0.0,0.0,721.3,20.1,0.0,34.3,247.9,23.9,186.4,0.0,5639.2,5452.7,14.5,11.9,Fraunhofer Energy-Charts
CZ,2025-01-02 01:15:00+00:00,-751.1,-616.5,2484.5,92.4,256.4,2769.2,50.6,0.0,0.0,685.3,20.1,0.0,34.5,249.4,24.5,188.8,0.0,5541.8,5353.1,14.8,12.0,Fraunhofer Energy-Charts
CZ,2025-01-02 01:30:00+00:00,-750.9,-642.6,2483.8,92.4,256.4,2751.3,44.8,0.0,0.0,721.0,20.0,0.0,34.3,250.4,24.0,191.7,0.0,5526.4,5334.7,14.9,12.0,Fraunhofer Energy-Charts
CZ,2025-01-02 01:45:00+00:00,-749.6,-636.5,2482.4,92.4,256.1,2723.9,43.3,0.0,0.0,720.4,20.0,0.0,34.2,251.1,23.8,189.9,0.0,5489.6,5299.7,15.0,12.0,Fraunhofer Energy-Charts
CZ,2025-01-02 02:00:00+00:00,-747.7,-476.7,2481.7,92.4,256.3,2717.5,53.0,6.8,0.0,559.7,20.0,0.0,33.6,250.6,24.0,191.5,0.0,5469.8,5278.3,15.0,12.3,Fraunhofer Energy-Charts
CZ,2025-01-02 02:15:00+00:00,-747.0,-478.2,2481.8,92.4,256.3,2759.3,54.0,6.7,0.0,535.5,20.1,0.0,33.7,251.2,24.6,189.5,0.0,5458.6,5269.1,15.1,12.3,Fraunhofer Energy-Charts
CZ,2025-01-02 02:30:00+00:00,-746.6,-456.4,2482.2,92.4,256.0,2737.1,51.2,0.0,0.0,534.4,20.1,0.0,34.3,247.1,23.9,182.1,0.0,5436.5,5254.5,14.9,12.2,Fraunhofer Energy-Charts
CZ,2025-01-02 02:45:00+00:00,-745.2,-463.2,2481.5,92.4,255.9,2718.3,51.8,0.0,0.0,534.1,20.2,0.0,34.4,248.2,23.9,187.6,0.0,5419.0,5231.3,15.1,12.3,Fraunhofer Energy-Charts
CZ,2025-01-02 03:00:00+00:00,-744.1,-751.9,2480.1,92.4,256.3,2866.0,52.4,3.5,0.0,696.4,20.2,0.0,36.2,246.7,24.4,185.3,0.0,5483.7,5298.3,14.8,11.7,Fraunhofer Energy-Charts
CZ,2025-01-02 03:15:00+00:00,-761.2,-712.9,2479.7,81.5,256.2,2874.3,50.5,0.0,0.0,732.7,10.4,0.0,37.1,247.3,24.4,188.1,0.0,5520.4,5332.4,14.4,11.4,Fraunhofer Energy-Charts
CZ,2025-01-02 03:30:00+00:00,-793.3,-770.0,2480.6,54.2,256.4,2965.1,51.5,0.1,0.0,753.4,0.0,0.0,37.1,248.5,24.1,187.3,0.0,5518.4,5331.1,13.7,10.7,Fraunhofer Energy-Charts
CZ,2025-01-02 03:45:00+00:00,-791.9,-760.5,2482.0,54.4,256.5,2983.5,54.9,4.9,0.0,746.8,0.0,0.0,37.1,249.3,24.0,189.0,0.0,5599.9,5410.8,13.6,10.7,Fraunhofer Energy-Charts
CZ,2025-01-02 04:00:00+00:00,-791.3,-706.1,2482.8,62.4,256.6,3102.4,54.2,11.1,0.0,822.6,0.0,0.0,36.3,248.8,24.0,188.4,0.0,5752.0,5563.5,13.4,10.5,Fraunhofer Energy-Charts
CZ,2025-01-02 04:15:00+00:00,-789.0,-767.6,2481.5,62.9,257.1,3149.7,55.5,8.3,0.0,861.4,0.0,0.0,36.2,249.2,24.3,189.5,0.0,5851.2,5661.8,13.2,10.5,Fraunhofer Energy-Charts
CZ,2025-01-02 04:30:00+00:00,-735.1,-768.2,2481.0,89.1,257.6,3193.1,57.3,18.2,0.0,858.3,32.0,0.0,36.2,248.6,24.0,184.3,0.0,6020.3,5836.0,13.7,11.0,Fraunhofer Energy-Charts
CZ,2025-01-02 04:45:00+00:00,-614.9,-799.0,2481.4,86.4,258.1,3265.6,56.4,34.7,0.0,844.6,47.7,0.0,38.1,250.3,23.9,183.8,0.0,6143.5,5959.7,13.6,11.1,Fraunhofer Energy-Charts
CZ,2025-01-02 05:00:00+00:00,-34.1,-986.9,2481.6,80.5,259.6,3207.2,44.6,2.8,0.0,879.1,88.0,39.7,52.1,249.6,24.2,177.9,0.0,6424.4,6246.5,13.5,11.5,Fraunhofer Energy-Charts
CZ,2025-01-02 05:15:00+00:00,-0.0,-910.1,2481.2,80.6,259.5,3208.8,46.0,0.0,0.0,876.7,87.0,39.1,52.6,252.0,24.1,179.9,0.0,6523.5,6343.5,13.4,11.5,Fraunhofer Energy-Charts
CZ,2025-01-02 05:30:00+00:00,-0.0,-864.5,2480.7,80.1,259.6,3256.4,48.3,0.0,0.0,775.7,93.3,70.2,52.6,251.3,24.0,175.6,0.0,6707.0,6531.4,13.0,11.6,Fraunhofer Energy-Charts
CZ,2025-01-02 05:45:00+00:00,-0.0,-761.2,2480.7,79.4,259.4,3319.2,49.6,0.0,0.0,611.1,101.7,241.8,52.5,249.9,24.1,170.5,0.0,6821.0,6650.5,12.8,11.8,Fraunhofer Energy-Charts
CZ,2025-01-02 06:00:00+00:00,-0.0,-747.7,2479.9,73.1,259.6,3332.7,42.8,0.0,0.0,592.4,259.3,303.9,58.0,253.2,24.3,172.8,8.8,6990.3,6808.7,14.9,13.7,Fraunhofer Energy-Charts
CZ,2025-01-02 06:15:00+00:00,-0.0,-692.1,2478.7,72.6,260.3,3338.0,44.1,0.0,0.0,597.6,287.0,290.5,60.1,255.2,24.2,168.0,13.1,7064.0,6882.9,15.1,14.1,Fraunhofer Energy-Charts
CZ,2025-01-02 06:30:00+00:00,-0.0,-658.6,2479.1,72.6,263.0,3351.3,48.0,0.0,0.0,598.0,287.2,294.0,60.5,254.9,24.1,168.1,13.4,7052.7,6871.1,15.2,14.1,Fraunhofer Energy-Charts
CZ,2025-01-02 06:45:00+00:00,-0.0,-598.9,2479.4,72.7,265.3,3345.5,50.1,0.0,0.0,597.8,280.8,297.2,61.1,257.6,24.2,155.8,14.4,7124.2,6954.0,14.9,13.9,Fraunhofer Energy-Charts
CZ,2025-01-02 07:00:00+00:00,-0.0,-625.4,2480.2,74.6,268.6,3352.9,43.1,0.0,0.0,643.9,187.2,466.5,63.1,259.1,24.1,156.1,16.2,7263.2,7090.8,13.4,12.9,Fraunhofer Energy-Charts
CZ,2025-01-02 07:15:00+00:00,-0.0,-650.4,2480.5,74.9,270.0,3409.4,50.6,0.0,0.0,653.8,178.7,515.1,63.1,259.7,23.9,146.0,26.2,7330.7,7158.5,13.2,12.7,Fraunhofer Energy-Charts
CZ,2025-01-02 07:30:00+00:00,-0.0,-665.4,2480.2,74.9,270.2,3417.8,44.8,0.0,0.0,653.9,178.5,485.0,63.4,261.9,23.5,138.4,44.9,7426.4,7243.1,13.2,12.8,Fraunhofer Energy-Charts
CZ,2025-01-02 07:45:00+00:00,-0.0,-652.4,2479.5,75.2,270.3,3449.9,44.9,0.0,0.0,654.2,171.0,378.8,63.7,262.8,24.2,135.0,69.5,7516.3,7311.8,13.2,12.9,Fraunhofer Energy-Charts
CZ,2025-01-02 08:00:00+00:00,-75.5,13.1,2480.9,83.4,270.6,3549.5,48.7,11.8,0.0,666.7,64.0,10.5,63.5,261.4,24.2,136.2,102.1,7621.5,7383.3,12.2,12.0,Fraunhofer Energy-Charts
CZ,2025-01-02 08:15:00+00:00,-22.6,-50.4,2481.8,84.5,270.1,3490.8,48.5,0.0,0.0,703.5,55.4,0.0,63.5,255.5,23.5,134.6,128.8,7663.1,7399.8,12.3,12.2,Fraunhofer Energy-Charts
CZ,2025-01-02 08:30:00+00:00,-0.0,-147.4,2481.8,84.3,270.3,3447.3,52.7,1.1,0.0,749.9,56.6,0.0,64.0,259.6,23.9,134.5,171.0,7716.9,7411.4,12.8,12.7,Fraunhofer Energy-Charts
CZ,2025-01-02 08:45:00+00:00,-0.0,-177.3,2480.6,83.7,270.7,3445.5,50.7,7.0,0.0,795.0,61.4,0.0,64.8,262.1,24.8,122.1,219.4,7818.7,7477.2,13.2,13.1,Fraunhofer Energy-Charts
CZ,2025-01-02 09:00:00+00:00,-0.0,-455.0,2478.5,79.0,270.9,3614.5,54.9,15.0,0.0,763.2,99.5,300.6,63.6,261.2,24.4,106.7,252.6,7988.0,7628.7,13.5,13.4,Fraunhofer Energy-Charts
CZ,2025-01-02 09:15:00+00:00,-0.0,-405.9,2479.1,78.6,270.7,3695.1,51.8,9.9,0.0,865.4,105.4,331.2,62.9,262.8,24.4,93.5,274.3,8003.1,7635.3,13.7,13.3,Fraunhofer Energy-Charts
CZ,2025-01-02 09:30:00+00:00,-0.0,-408.3,2479.4,78.7,270.8,3608.9,52.8,7.3,0.0,1118.3,105.0,186.8,62.5,262.3,23.8,93.8,277.1,8030.6,7659.6,13.7,13.0,Fraunhofer Energy-Charts
CZ,2025-01-02 09:45:00+00:00,-0.0,-403.0,2479.9,79.0,270.6,3578.1,51.7,13.4,0.0,1149.5,100.0,153.0,63.5,263.6,24.2,93.2,265.4,8052.1,7693.5,13.5,12.9,Fraunhofer Energy-Charts
CZ,2025-01-02 10:00:00+00:00,-0.0,-277.9,2479.6,89.5,270.3,3676.6,49.0,0.4,0.0,1146.8,28.5,8.3,63.0,261.9,24.4,87.9,243.0,8128.8,7797.9,12.2,11.8,Fraunhofer Energy-Charts
CZ,2025-01-02 10:15:00+00:00,-0.0,-244.2,2479.1,90.2,269.4,3710.7,50.3,0.0,0.0,1151.6,24.9,0.0,63.5,263.4,24.4,85.5,238.5,8171.1,7847.2,12.0,11.6,Fraunhofer Energy-Charts
CZ,2025-01-02 10:30:00+00:00,-0.0,-210.9,2478.7,90.2,268.7,3708.3,50.7,0.0,0.0,1149.4,24.9,0.0,63.3,264.2,24.2,73.6,246.3,8235.5,7915.5,11.9,11.6,Fraunhofer Energy-Charts
CZ,2025-01-02 10:45:00+00:00,-0.0,-206.8,2478.4,90.3,277.1,3743.5,51.2,0.0,0.0,1122.3,24.6,0.0,63.3,264.8,24.2,70.4,233.1,8266.4,7962.9,11.8,11.5,Fraunhofer Energy-Charts
CZ,2025-01-02 11:00:00+00:00,-0.0,-506.2,2478.5,91.0,276.9,3818.1,51.4,6.5,0.0,1148.1,24.3,194.5,62.9,262.6,24.0,70.2,214.5,8260.8,7976.0,11.5,11.2,Fraunhofer Energy-Charts
CZ,2025-01-02 11:15:00+00:00,-0.0,-503.2,2479.7,91.1,277.3,3825.2,49.2,5.9,0.0,1152.8,24.1,202.9,59.9,261.1,24.2,77.4,204.1,8317.9,8036.4,11.4,11.1,Fraunhofer Energy-Charts
CZ,2025-01-02 11:30:00+00:00,-0.0,-420.7,2479.5,91.1,277.9,3830.1,47.9,0.0,0.0,1152.0,23.9,198.1,58.8,261.9,24.4,68.5,189.8,8283.6,8025.2,11.2,10.9,Fraunhofer Energy-Charts
CZ,2025-01-02 11:45:00+00:00,-0.0,-432.5,2479.8,91.1,277.1,3836.4,49.6,0.0,0.0,1150.0,23.9,186.0,58.7,262.1,23.9,64.0,175.3,8362.2,8122.9,10.8,10.7,Fraunhofer Energy-Charts
CZ,2025-01-02 12:00:00+00:00,-0.0,-224.4,2479.5,90.3,276.2,3867.1,50.4,0.0,0.0,1153.0,25.6,0.0,58.1,262.5,24.0,61.3,165.5,8526.2,8299.4,10.5,10.5,Fraunhofer Energy-Charts
CZ,2025-01-02 12:15:00+00:00,-0.0,-177.5,2480.4,90.3,276.8,3886.8,48.7,0.0,0.0,1157.1,25.8,0.0,58.4,263.6,24.7,55.8,154.4,8523.5,8313.4,10.3,10.3,Fraunhofer Energy-Charts
CZ,2025-01-02 12:30:00+00:00,-0.0,-135.4,2480.2,90.2,276.9,3917.0,49.8,0.0,0.0,1144.7,26.0,61.8,58.9,263.4,24.5,50.6,137.8,8452.4,8264.0,10.1,10.1,Fraunhofer Energy-Charts
CZ,2025-01-02 12:45:00+00:00,-0.0,-173.1,2479.0,90.2,277.1,3964.0,55.1,5.7,0.0,1120.2,26.1,72.9,59.4,264.7,24.8,54.2,116.5,8377.0,8206.3,10.0,9.9,Fraunhofer Energy-Charts
CZ,2025-01-02 13:00:00+00:00,-0.0,-396.9,2478.7,87.9,277.4,4003.9,55.6,13.4,0.0,1129.3,37.1,70.5,63.3,266.4,23.5,51.6,98.3,8389.8,8239.9,9.9,9.7,Fraunhofer Energy-Charts
CZ,2025-01-02 13:15:00+00:00,-0.0,-418.4,2475.8,87.8,277.4,4049.4,57.6,15.4,0.0,1147.5,37.9,76.8,64.0,267.1,23.9,52.8,81.3,8343.1,8209.1,9.8,9.4,Fraunhofer Energy-Charts
CZ,2025-01-02 13:30:00+00:00,-0.0,-404.2,2475.7,87.9,277.4,4070.2,57.3,15.4,0.0,1123.0,37.5,69.5,65.0,267.1,24.4,49.1,64.2,8333.6,8220.2,9.5,9.2,Fraunhofer Energy-Charts
CZ,2025-01-02 13:45:00+00:00,-0.0,-379.6,2475.8,87.5,277.5,4081.2,57.5,15.4,0.0,1113.3,40.0,66.4,64.7,266.2,24.3,45.3,48.6,8257.6,8163.7,9.4,9.0,Fraunhofer Energy-Charts
CZ,2025-01-02 14:00:00+00:00,-0.0,-821.5,2477.1,82.6,277.6,4070.5,48.8,9.4,0.0,1154.7,77.3,319.1,62.1,263.3,24.5,44.9,35.1,8361.3,8281.3,9.5,9.2,Fraunhofer Energy-Charts
CZ,2025-01-02 14:15:00+00:00,-0.0,-801.2,2477.8,82.2,277.4,4082.6,46.5,0.0,0.0,1163.6,81.3,300.3,61.5,264.0,23.6,43.0,24.9,8261.9,8194.0,9.5,9.1,Fraunhofer Energy-Charts
CZ,2025-01-02 14:30:00+00:00,-0.0,-858.0,2478.6,82.2,277.4,4061.4,46.7,0.0,0.0,1162.6,81.3,408.4,61.5,264.7,24.3,42.1,17.7,8263.6,8203.7,9.4,9.0,Fraunhofer Energy-Charts
CZ,2025-01-02 14:45:00+00:00,-0.0,-819.5,2479.7,80.2,277.4,4077.7,49.7,0.0,0.0,1163.3,105.2,385.3,63.0,265.2,24.5,45.3,13.6,8282.3,8223.4,9.7,9.2,Fraunhofer Energy-Charts
CZ,2025-01-02 15:00:00+00:00,-0.0,-951.6,2481.3,72.1,277.5,4087.5,47.0,0.0,0.0,1166.8,420.6,204.2,66.2,265.8,23.9,44.2,13.4,8273.3,8215.7,13.4,12.3,Fraunhofer Energy-Charts
CZ,2025-01-02 15:15:00+00:00,-0.0,-904.6,2482.7,71.8,277.6,4105.1,54.2,0.0,0.0,1167.0,462.9,179.0,66.4,266.7,23.4,46.5,13.3,8314.2,8254.3,13.8,12.7,Fraunhofer Energy-Charts
CZ,2025-01-02 15:30:00+00:00,-0.0,-828.6,2482.4,71.8,278.1,4123.6,54.4,5.7,0.0,1166.2,462.8,190.9,66.4,267.1,24.4,48.9,13.6,8378.9,8316.4,13.8,12.7,Fraunhofer Energy-Charts
CZ,2025-01-02 15:45:00+00:00,-0.0,-797.6,2480.9,71.8,278.3,4131.9,57.8,6.8,0.0,1166.6,465.2,183.5,66.8,267.6,23.5,54.7,11.8,8312.1,8245.6,14.0,12.8,Fraunhofer Energy-Charts
CZ,2025-01-02 16:00:00+00:00,-0.0,-1105.5,2479.8,71.7,278.2,4139.9,50.5,4.1,0.0,1166.6,495.2,388.6,66.6,266.5,22.5,57.7,0.0,8317.9,8260.1,14.2,13.0,Fraunhofer Energy-Charts
CZ,2025-01-02 16:15:00+00:00,-0.0,-1141.3,2479.1,71.6,278.1,4149.8,50.4,0.0,0.0,1164.2,499.2,394.4,66.5,267.6,21.8,66.7,0.0,8306.4,8239.8,14.4,13.1,Fraunhofer Energy-Charts
CZ,2025-01-02 16:30:00+00:00,-0.0,-1199.0,2479.3,71.6,278.1,4154.9,47.6,0.0,0.0,1163.4,500.8,374.9,66.4,267.6,23.4,63.3,0.0,8286.5,8223.1,14.4,13.1,Fraunhofer Energy-Charts
CZ,2025-01-02 16:45:00+00:00,-0.0,-1210.7,2479.7,71.7,279.2,4177.1,49.7,0.0,0.0,1162.0,490.9,343.1,66.6,268.2,23.2,64.5,0.0,8249.4,8184.9,14.4,13.0,Fraunhofer Energy-Charts
CZ,2025-01-02 17:00:00+00:00,-0.0,-1012.8,2479.5,73.7,279.2,4224.3,49.9,0.0,0.0,1161.0,359.0,170.6,67.0,268.2,22.5,69.2,0.0,8250.4,8181.2,12.9,11.7,Fraunhofer Energy-Charts
CZ,2025-01-02 17:15:00+00:00,-0.0,-1106.5,2477.9,73.9,278.9,4265.1,54.4,2.3,0.0,1164.7,345.3,188.9,66.8,268.9,22.8,63.2,0.0,8187.6,8124.4,12.7,11.5,Fraunhofer Energy-Charts
CZ,2025-01-02 17:30:00+00:00,-0.0,-1184.2,2476.8,73.9,278.9,4271.5,52.2,8.3,0.0,1165.6,345.2,196.5,66.7,268.9,23.3,53.3,0.0,8113.6,8060.3,12.7,11.4,Fraunhofer Energy-Charts
CZ,2025-01-02 17:45:00+00:00,-0.0,-1250.0,2476.2,74.1,278.7,4243.8,47.8,0.0,0.0,1164.8,333.0,208.3,66.6,269.1,23.3,57.7,0.0,8046.7,7989.0,12.7,11.3,Fraunhofer Energy-Charts
CZ,2025-01-02 18:00:00+00:00,-0.0,-1157.5,2477.7,78.4,279.1,4235.9,46.7,0.0,0.0,1162.8,160.9,277.1,66.6,268.2,23.2,57.9,0.0,8017.0,7959.1,10.7,9.7,Fraunhofer Energy-Charts
CZ,2025-01-02 18:15:00+00:00,-0.0,-1160.3,2478.9,79.4,279.1,4257.6,49.3,0.0,0.0,1164.0,139.4,287.4,66.6,269.1,22.8,51.5,0.0,8067.5,8016.0,10.3,9.4,Fraunhofer Energy-Charts
CZ,2025-01-02 18:30:00+00:00,-0.0,-1290.3,2478.8,79.4,279.1,4303.6,50.0,0.0,0.0,1163.8,139.4,286.1,66.6,268.8,22.7,51.6,0.0,8017.6,7966.0,10.3,9.3,Fraunhofer Energy-Charts
CZ,2025-01-02 18:45:00+00:00,-0.0,-1363.7,2477.9,79.7,279.3,4313.1,47.3,0.0,0.0,1162.7,134.1,295.9,66.4,268.5,21.6,56.5,0.0,7993.4,7936.8,10.4,9.3,Fraunhofer Energy-Charts
CZ,2025-01-02 19:00:00+00:00,-0.0,-1379.8,2478.0,85.8,278.2,4383.8,53.9,17.4,0.0,1167.2,48.9,188.3,64.1,267.0,22.4,64.3,0.0,7802.3,7738.0,9.7,8.5,Fraunhofer Energy-Charts
CZ,2025-01-02 19:15:00+00:00,-0.0,-1379.8,2478.1,86.4,277.6,4381.2,56.2,32.0,0.0,1169.5,45.4,183.7,64.0,267.8,23.0,68.4,0.0,7745.1,7676.7,9.8,8.5,Fraunhofer Energy-Charts
CZ,2025-01-02 19:30:00+00:00,-0.0,-1379.8,2479.4,86.4,277.7,4338.8,51.5,9.2,0.0,1167.0,45.4,182.6,63.5,267.5,23.2,81.7,0.0,7712.6,7630.9,10.0,8.7,Fraunhofer Energy-Charts
CZ,2025-01-02 19:45:00+00:00,-0.0,-1379.8,2480.0,86.4,277.4,4289.4,47.8,0.0,0.0,1158.9,45.1,146.9,62.9,267.4,22.9,84.9,0.0,7634.1,7549.2,10.1,8.8,Fraunhofer Energy-Charts
CZ,2025-01-02 20:00:00+00:00,-73.4,-992.2,2478.8,86.4,276.8,4280.1,49.3,0.0,0.0,1022.1,38.7,0.0,59.0,265.6,22.8,83.4,0.0,7550.6,7467.1,10.1,8.8,Fraunhofer Energy-Charts
CZ,2025-01-02 20:15:00+00:00,-112.0,-1060.3,2477.3,86.5,277.0,4303.9,51.4,1.2,0.0,1047.7,38.2,0.0,58.4,266.3,22.3,81.2,0.0,7445.4,7364.2,10.2,8.7,Fraunhofer Energy-Charts
CZ,2025-01-02 20:30:00+00:00,-112.0,-1073.3,2474.9,86.7,276.8,4264.5,46.6,0.0,0.0,1056.3,37.2,0.0,58.3,266.0,22.9,81.2,0.0,7342.9,7261.7,10.3,8.8,Fraunhofer Energy-Charts
CZ,2025-01-02 20:45:00+00:00,-111.9,-1141.2,2474.7,86.8,276.8,4259.4,43.2,0.0,0.0,1041.0,36.9,0.0,56.8,265.3,22.8,80.9,0.0,7268.8,7187.9,10.4,8.8,Fraunhofer Energy-Charts
CZ,2025-01-02 21:00:00+00:00,-0.0,-1437.2,2475.4,88.7,276.3,4259.7,50.0,0.0,0.0,1106.1,32.5,0.0,36.0,254.8,22.3,79.3,0.0,7286.5,7207.2,10.2,8.6,Fraunhofer Energy-Charts
CZ,2025-01-02 21:15:00+00:00,-0.0,-1498.4,2479.5,88.8,276.2,4201.9,49.4,4.7,0.0,1130.4,32.2,0.0,33.7,254.2,22.5,77.9,0.0,7206.4,7128.5,10.3,8.6,Fraunhofer Energy-Charts
CZ,2025-01-02 21:30:00+00:00,-0.0,-1643.1,2480.8,88.8,278.1,4185.4,50.3,0.0,0.0,1128.0,32.3,0.0,33.6,253.7,22.8,85.0,0.0,7096.5,7011.5,10.6,8.7,Fraunhofer Energy-Charts
CZ,2025-01-02 21:45:00+00:00,-0.0,-1735.3,2479.7,88.8,272.6,4168.9,48.3,0.0,0.0,1127.5,32.1,0.0,34.3,254.6,23.0,87.7,0.0,6985.9,6898.2,10.7,8.7,Fraunhofer Energy-Charts
CZ,2025-01-02 22:00:00+00:00,-171.5,-1368.2,2477.6,88.8,268.9,4053.7,48.5,0.0,0.0,975.3,32.1,0.0,33.0,253.3,22.8,86.0,0.0,6878.8,6792.9,10.8,8.9,Fraunhofer Energy-Charts
CZ,2025-01-02 22:15:00+00:00,-316.2,-1461.5,2478.5,88.8,267.4,4068.5,48.2,0.0,0.0,1053.2,32.0,0.0,32.4,254.3,22.7,86.4,0.0,6733.7,6647.3,11.0,8.8,Fraunhofer Energy-Charts
CZ,2025-01-02 22:30:00+00:00,-315.9,-1535.7,2479.5,88.8,266.2,4057.8,47.7,0.0,0.0,1051.0,32.0,0.0,32.3,253.7,22.3,86.6,0.0,6616.0,6529.4,11.2,8.8,Fraunhofer Energy-Charts
CZ,2025-01-02 22:45:00+00:00,-315.5,-1591.3,2481.2,88.9,268.8,4043.7,42.7,0.0,0.0,1012.3,31.9,0.0,32.4,253.3,22.5,88.6,0.0,6503.5,6414.9,11.4,8.9,Fraunhofer Energy-Charts
CZ,2025-01-02 23:00:00+00:00,-314.7,-1343.0,2482.6,153.7,270.6,3903.0,36.5,0.0,0.0,873.2,25.6,0.0,32.4,254.8,22.9,91.2,0.0,6527.0,6435.9,12.4,9.9,Fraunhofer Energy-Charts
CZ,2025-01-02 23:15:00+00:00,-314.4,-1342.8,2482.8,153.7,271.4,3963.2,33.5,0.0,0.0,752.1,25.2,0.0,32.1,255.2,23.4,85.7,0.0,6464.5,6378.8,12.4,9.9,Fraunhofer Energy-Charts
CZ,2025-01-02 23:30:00+00:00,-359.8,-1342.0,2481.3,125.8,272.9,4024.3,32.7,0.0,0.0,711.7,2.1,0.0,32.1,255.1,23.4,88.4,0.0,6453.9,6365.5,11.7,9.4,Fraunhofer Energy-Charts
CZ,2025-01-02 23:45:00+00:00,-431.8,-1342.0,2480.1,120.9,272.9,4049.6,32.5,0.0,0.0,712.2,0.0,0.0,32.2,255.2,22.4,89.6,0.0,6472.6,6383.1,11.6,9.3,Fraunhofer Energy-Charts
CZ,2025-01-03 00:00:00+00:00,-765.5,-833.2,2479.7,135.0,322.7,4076.2,33.1,0.0,0.0,711.7,0.0,0.0,32.3,253.2,22.5,93.7,0.0,6483.0,6389.4,12.6,10.0,Fraunhofer Energy-Charts
CZ,2025-01-03 00:15:00+00:00,-803.7,-832.2,2479.2,134.6,324.0,4052.7,32.6,0.0,0.0,713.3,0.0,0.0,32.0,253.0,23.2,96.3,0.0,6499.6,6403.3,12.6,10.1,Fraunhofer Energy-Charts
CZ,2025-01-03 00:30:00+00:00,-803.8,-848.1,2480.1,134.5,324.1,4032.7,32.5,0.0,0.0,714.5,0.0,0.0,32.1,252.6,23.2,96.9,0.0,6423.3,6326.4,12.8,10.1,Fraunhofer Energy-Charts
CZ,2025-01-03 00:45:00+00:00,-803.9,-849.7,2480.9,134.6,325.7,3999.5,31.6,0.0,0.0,697.8,0.0,0.0,31.9,253.0,23.1,98.4,0.0,6484.8,6386.4,12.7,10.2,Fraunhofer Energy-Charts
CZ,2025-01-03 01:00:00+00:00,-800.1,-1016.6,2480.7,131.6,325.8,4046.3,33.4,0.0,0.0,813.6,0.0,0.0,33.3,252.9,23.1,101.1,0.0,6431.1,6330.0,12.8,10.0,Fraunhofer Energy-Charts
CZ,2025-01-03 01:15:00+00:00,-800.2,-1016.6,2479.8,131.8,325.8,4049.9,33.0,0.0,0.0,765.0,0.0,0.0,33.2,253.4,22.9,100.8,0.0,6329.4,6228.6,13.0,10.0,Fraunhofer Energy-Charts
CZ,2025-01-03 01:30:00+00:00,-799.4,-1014.4,2481.0,132.0,325.7,4052.9,32.6,0.0,0.0,737.0,0.0,0.0,32.9,252.9,23.0,108.5,0.0,6278.2,6169.6,13.2,10.2,Fraunhofer Energy-Charts
CZ,2025-01-03 01:45:00+00:00,-799.5,-1029.5,2481.4,131.9,324.4,4030.5,32.5,0.0,0.0,718.7,0.0,0.0,33.3,253.1,22.8,105.6,0.0,6252.4,6146.8,13.2,10.2,Fraunhofer Energy-Charts
CZ,2025-01-03 02:00:00+00:00,-796.6,-1088.8,2480.4,132.1,324.2,3985.2,33.6,0.0,0.0,763.0,0.0,0.0,33.5,252.6,22.7,105.0,0.0,6279.5,6174.4,13.1,10.1,Fraunhofer Energy-Charts
CZ,2025-01-03 02:15:00+00:00,-796.0,-1088.8,2481.4,132.2,324.1,3988.8,33.3,0.0,0.0,764.8,0.0,0.0,33.5,253.3,22.9,109.9,0.0,6246.4,6136.5,13.3,10.2,Fraunhofer Energy-Charts
CZ,2025-01-03 02:30:00+00:00,-795.0,-1096.9,2481.1,132.2,323.6,3982.6,33.3,0.0,0.0,744.7,0.0,0.0,32.9,252.9,22.7,110.7,0.0,6217.8,6107.1,13.4,10.2,Fraunhofer Energy-Charts
CZ,2025-01-03 02:45:00+00:00,-794.1,-1088.8,2482.0,132.1,323.2,3983.7,32.7,0.0,0.0,735.6,0.0,0.0,32.8,253.0,23.1,117.4,0.0,6217.9,6100.5,13.5,10.3,Fraunhofer Energy-Charts
CZ,2025-01-03 03:00:00+00:00,-792.7,-1007.2,2482.8,131.3,320.5,3960.1,32.0,0.0,0.0,770.7,0.0,0.0,34.5,253.2,22.8,111.2,0.0,6310.1,6198.9,13.1,10.2,Fraunhofer Energy-Charts
CZ,2025-01-03 03:15:00+00:00,-791.2,-1001.1,2481.3,131.3,320.6,3979.7,32.4,0.0,0.0,776.7,0.0,0.0,34.9,253.4,22.8,110.0,0.0,6323.4,6213.4,13.1,10.2,Fraunhofer Energy-Charts
CZ,2025-01-03 03:30:00+00:00,-789.8,-1000.2,2480.3,131.2,322.0,3980.2,32.4,0.0,0.0,787.8,0.0,0.0,36.5,253.5,22.8,117.5,0.0,6377.4,6259.9,13.1,10.2,Fraunhofer Energy-Charts
CZ,2025-01-03 03:45:00+00:00,-789.0,-1000.2,2480.0,131.2,322.2,3984.7,32.6,0.0,0.0,788.8,0.0,0.0,36.8,254.1,23.1,117.7,0.0,6435.3,6317.6,13.0,10.2,Fraunhofer Energy-Charts
CZ,2025-01-03 04:00:00+00:00,-787.9,-693.2,2479.0,131.0,323.2,4027.7,40.1,0.0,0.0,728.5,0.0,0.0,36.5,253.2,23.0,115.3,0.0,6658.9,6543.6,12.5,10.2,Fraunhofer Energy-Charts
CZ,2025-01-03 04:15:00+00:00,-785.8,-638.2,2480.9,131.0,323.2,4086.3,41.1,0.0,0.0,727.2,0.0,0.0,37.0,253.8,22.8,112.2,0.0,6741.9,6629.6,12.3,10.1,Fraunhofer Energy-Charts
CZ,2025-01-03 04:30:00+00:00,-783.6,-616.2,2480.8,131.1,323.2,4109.0,41.8,0.0,0.0,736.6,0.0,0.0,36.9,253.4,22.5,105.1,0.0,6786.8,6681.7,12.1,10.0,Fraunhofer Energy-Charts
CZ,2025-01-03 04:45:00+00:00,-685.7,-616.2,2480.1,139.7,323.2,4106.2,43.5,0.0,0.0,747.4,2.9,0.0,38.4,254.2,22.1,107.6,0.0,6889.7,6782.0,12.2,10.1,Fraunhofer Energy-Charts
CZ,2025-01-03 05:00:00+00:00,-159.4,-968.4,2479.1,169.9,322.5,4000.6,53.5,0.0,0.0,784.4,18.1,0.0,53.1,259.5,22.5,108.5,0.0,7223.9,7115.4,12.3,10.8,Fraunhofer Energy-Charts
CZ,2025-01-03 05:15:00+00:00,-0.0,-967.6,2478.8,169.9,315.4,3954.5,55.2,0.0,0.0,815.0,18.1,0.0,55.6,261.8,22.4,113.7,0.0,7358.9,7245.2,12.1,10.8,Fraunhofer Energy-Charts
CZ,2025-01-03 05:30:00+00:00,-0.0,-967.5,2541.9,169.9,315.2,4059.7,55.4,0.0,0.0,828.7,18.1,0.0,56.1,261.5,22.6,122.2,0.0,7468.8,7346.6,12.0,10.6,Fraunhofer Energy-Charts
CZ,2025-01-03 05:45:00+00:00,-120.2,-967.5,2875.1,169.4,323.4,3896.4,56.0,0.0,0.0,794.0,21.7,0.0,57.3,262.7,23.3,120.2,0.0,7610.0,7489.8,11.9,10.6,Fraunhofer Energy-Charts
CZ,2025-01-03 06:00:00+00:00,-418.3,-563.9,2933.0,176.4,307.1,4000.9,55.5,0.0,0.0,762.4,27.9,0.0,60.2,262.0,23.3,124.1,8.6,7706.4,7573.8,11.9,10.5,Fraunhofer Energy-Charts
CZ,2025-01-03 06:15:00+00:00,-417.5,-563.9,2963.5,176.4,277.5,3987.4,54.9,0.0,0.0,725.6,28.2,0.0,62.9,264.3,22.9,130.5,12.8,7798.0,7654.7,11.6,10.3,Fraunhofer Energy-Charts
CZ,2025-01-03 06:30:00+00:00,-305.8,-563.9,3005.1,176.4,277.9,3891.4,55.9,0.0,0.0,727.5,28.1,0.0,64.5,264.6,23.2,124.4,12.8,7788.0,7650.8,11.5,10.4,Fraunhofer Energy-Charts
CZ,2025-01-03 06:45:00+00:00,-306.1,-563.9,3046.8,173.8,295.8,3836.8,55.2,0.0,0.0,730.4,45.1,0.0,65.9,265.6,23.1,121.4,12.8,7799.2,7665.0,11.9,10.7,Fraunhofer Energy-Charts
CZ,2025-01-03 07:00:00+00:00,-305.8,-704.6,3087.3,154.4,315.3,3776.5,55.4,0.0,0.0,718.5,251.6,0.0,64.1,264.1,23.3,126.2,14.5,7909.8,7769.1,14.4,12.9,Fraunhofer Energy-Charts
CZ,2025-01-03 07:15:00+00:00,-304.6,-703.6,3097.3,153.6,318.5,3901.7,56.2,0.0,0.0,713.3,284.3,0.0,66.0,265.0,23.4,120.5,23.9,8059.8,7915.5,14.6,13.0,Fraunhofer Energy-Charts
CZ,2025-01-03 07:30:00+00:00,-304.5,-703.6,3099.5,153.6,318.5,3997.8,56.6,0.0,0.0,651.5,284.1,0.0,67.2,265.1,23.2,120.4,41.9,8121.9,7959.6,14.7,13.2,Fraunhofer Energy-Charts
CZ,2025-01-03 07:45:00+00:00,-304.1,-703.6,3127.4,153.9,318.6,4045.1,56.9,0.0,0.0,634.6,272.7,0.0,67.4,265.5,22.1,121.3,65.6,8196.0,8009.1,14.7,13.2,Fraunhofer Energy-Charts
CZ,2025-01-03 08:00:00+00:00,-303.4,-729.8,3168.3,157.8,317.8,4210.5,56.8,0.0,0.0,685.9,115.9,0.0,67.1,264.4,23.3,130.5,84.3,8238.2,8023.4,13.1,11.7,Fraunhofer Energy-Charts
CZ,2025-01-03 08:15:00+00:00,-303.9,-728.8,3201.7,158.8,317.8,4158.3,56.1,0.0,0.0,641.0,98.5,0.0,66.9,264.9,23.0,135.7,116.5,8265.8,8013.6,13.4,11.9,Fraunhofer Energy-Charts
CZ,2025-01-03 08:30:00+00:00,-303.2,-728.8,3219.6,158.7,317.8,4125.0,56.5,0.0,0.0,638.3,99.7,0.0,67.1,265.1,22.5,144.2,161.2,8314.3,8008.9,13.9,12.5,Fraunhofer Energy-Charts
CZ,2025-01-03 08:45:00+00:00,-222.1,-728.8,3222.3,158.8,317.8,4142.7,57.1,0.0,0.0,630.3,97.5,0.0,66.5,266.2,23.6,145.9,266.3,8426.8,8014.5,15.0,13.5,Fraunhofer Energy-Charts
CZ,2025-01-03 09:00:00+00:00,-0.0,-439.8,3224.1,162.6,316.7,3971.9,55.9,0.0,0.0,475.7,39.5,0.0,65.5,264.8,23.5,143.7,364.7,8647.8,8139.4,15.1,14.3,Fraunhofer Energy-Charts
CZ,2025-01-03 09:15:00+00:00,-0.0,-439.8,3225.2,163.2,316.9,4088.7,55.1,0.0,0.0,352.2,33.5,0.0,66.4,266.4,23.6,147.0,414.9,8609.1,8047.3,15.7,14.8,Fraunhofer Energy-Charts
CZ,2025-01-03 09:30:00+00:00,-0.0,-439.8,3225.1,163.2,316.8,3979.6,55.4,0.0,0.0,326.3,33.2,0.0,66.8,266.2,23.4,152.1,495.1,8611.5,7964.2,16.7,15.8,Fraunhofer Energy-Charts
CZ,2025-01-03 09:45:00+00:00,-0.0,-439.8,3223.8,163.3,316.7,3928.3,55.0,0.0,0.0,327.8,32.6,0.0,63.9,264.4,24.1,149.2,557.9,8639.8,7932.8,17.3,16.4,Fraunhofer Energy-Charts
CZ,2025-01-03 10:00:00+00:00,-0.0,-427.0,3222.0,170.2,314.9,3839.6,56.7,0.0,0.0,330.3,23.0,0.0,63.5,264.6,24.1,152.7,571.7,8610.3,7885.9,17.5,16.7,Fraunhofer Energy-Charts
CZ,2025-01-03 10:15:00+00:00,-0.0,-426.1,3223.6,170.3,314.9,3825.6,55.2,0.0,0.0,330.4,23.0,0.0,65.2,265.3,24.0,155.5,639.1,8683.2,7888.6,18.2,17.4,Fraunhofer Energy-Charts
CZ,2025-01-03 10:30:00+00:00,-0.0,-426.1,3225.2,170.3,314.9,3795.0,55.8,0.0,0.0,329.7,23.0,0.0,65.3,265.7,24.1,165.4,675.6,8703.4,7862.3,18.7,17.9,Fraunhofer Energy-Charts
CZ,2025-01-03 10:45:00+00:00,-0.0,-426.1,3225.6,170.3,314.0,3783.0,55.5,0.0,0.0,330.5,23.0,0.0,64.3,265.9,23.7,156.8,756.8,8770.4,7856.7,19.4,18.5,Fraunhofer Energy-Charts
CZ,2025-01-03 11:00:00+00:00,-0.0,-617.7,3225.4,170.0,312.1,3966.6,55.3,0.0,0.0,329.3,22.7,0.0,61.0,264.2,23.7,157.6,787.6,8763.9,7818.8,19.7,18.4,Fraunhofer Energy-Charts
CZ,2025-01-03 11:15:00+00:00,-0.0,-617.7,3223.0,169.5,312.0,3961.1,55.8,0.0,0.0,329.6,27.2,0.0,62.2,266.4,24.1,158.5,760.1,8768.4,7849.8,19.5,18.2,Fraunhofer Energy-Charts
CZ,2025-01-03 11:30:00+00:00,-0.0,-617.7,3230.2,169.4,312.8,3938.1,55.8,0.0,0.0,330.6,27.4,23.7,63.5,266.4,23.8,165.8,776.3,8734.0,7791.8,19.8,18.5,Fraunhofer Energy-Charts
CZ,2025-01-03 11:45:00+00:00,-0.0,-617.8,3269.7,169.4,312.9,3784.0,54.9,0.0,0.0,327.2,27.3,140.9,63.6,266.8,24.0,178.2,753.4,8784.0,7852.4,19.6,18.6,Fraunhofer Energy-Charts
CZ,2025-01-03 12:00:00+00:00,-0.0,-441.4,3312.3,169.4,311.1,3680.9,55.5,0.0,0.0,325.6,27.3,196.5,60.6,264.7,24.0,175.6,666.9,8851.0,8008.5,18.4,17.9,Fraunhofer Energy-Charts
CZ,2025-01-03 12:15:00+00:00,-0.0,-441.4,3355.8,169.4,311.4,3711.0,58.3,9.7,0.0,326.1,27.3,178.7,60.3,265.7,23.9,170.4,536.4,8746.7,8039.8,17.1,16.5,Fraunhofer Energy-Charts
CZ,2025-01-03 12:30:00+00:00,-0.0,-441.4,3398.4,169.5,310.9,3684.7,55.9,0.0,0.0,327.5,26.5,96.3,59.8,265.5,23.3,169.5,401.4,8591.1,8020.2,15.8,15.2,Fraunhofer Energy-Charts
CZ,2025-01-03 12:45:00+00:00,-0.0,-441.4,3439.5,169.6,311.2,3681.8,54.8,0.0,0.0,329.2,26.3,45.0,60.3,266.5,23.6,163.3,333.5,8498.5,8001.7,15.1,14.5,Fraunhofer Energy-Charts
CZ,2025-01-03 13:00:00+00:00,-0.0,-470.1,3480.0,170.5,313.9,3725.1,56.1,0.0,0.0,330.4,26.1,0.0,62.7,266.2,23.8,171.3,268.9,8472.5,8032.2,14.5,13.8,Fraunhofer Energy-Charts
CZ,2025-01-03 13:15:00+00:00,-0.0,-470.1,3490.4,170.5,313.9,3731.8,57.3,0.0,0.0,332.6,26.0,0.0,63.1,266.1,23.1,177.7,250.4,8411.2,7983.1,14.5,13.7,Fraunhofer Energy-Charts
CZ,2025-01-03 13:30:00+00:00,-0.0,-470.1,3491.4,170.5,313.9,3686.5,56.3,0.0,0.0,331.3,26.0,0.0,63.6,266.1,23.5,175.7,227.9,8372.0,7968.4,14.2,13.5,Fraunhofer Energy-Charts
CZ,2025-01-03 13:45:00+00:00,-0.0,-470.1,3490.7,168.9,313.9,3695.2,55.6,0.0,0.0,331.3,39.0,0.0,63.8,266.4,23.5,177.2,162.2,8337.6,7998.2,13.7,13.0,Fraunhofer Energy-Charts
CZ,2025-01-03 14:00:00+00:00,-0.0,-307.8,3491.1,159.2,315.1,3550.5,55.2,0.0,0.0,319.1,187.2,0.0,62.0,265.4,22.5,184.6,115.7,8460.8,8160.6,14.6,14.2,Fraunhofer Energy-Charts
CZ,2025-01-03 14:15:00+00:00,-0.0,-307.8,3490.5,158.1,315.2,3527.8,56.0,0.0,0.0,326.5,217.7,0.0,63.1,266.7,22.4,192.6,75.5,8392.8,8124.7,14.7,14.2,Fraunhofer Energy-Charts
CZ,2025-01-03 14:30:00+00:00,-0.0,-307.8,3492.2,157.9,315.2,3492.6,55.5,0.0,0.0,327.7,221.8,0.0,63.2,265.3,22.6,196.0,49.9,8408.3,8162.4,14.5,14.1,Fraunhofer Energy-Charts
CZ,2025-01-03 14:45:00+00:00,-0.0,-307.8,3497.1,157.8,315.1,3530.2,55.3,0.0,0.0,326.9,226.8,0.0,63.4,265.4,23.6,204.9,25.1,8429.3,8199.4,14.3,13.9,Fraunhofer Energy-Charts
CZ,2025-01-03 15:00:00+00:00,-0.0,-261.9,3498.6,157.4,323.9,3334.9,55.5,0.0,0.0,314.5,280.1,0.0,63.1,264.8,23.9,210.3,15.1,8331.6,8106.2,15.2,14.8,Fraunhofer Energy-Charts
CZ,2025-01-03 15:15:00+00:00,-0.0,-261.9,3499.0,157.2,323.9,3332.0,56.3,0.0,0.0,321.2,286.0,0.0,63.7,266.8,23.7,213.3,13.0,8385.1,8158.9,15.2,14.9,Fraunhofer Energy-Charts
CZ,2025-01-03 15:30:00+00:00,-0.0,-259.9,3501.8,157.1,323.8,3401.7,56.4,0.0,0.0,335.0,291.4,0.0,63.8,268.0,23.9,217.3,13.0,8431.6,8201.3,15.2,14.8,Fraunhofer Energy-Charts
CZ,2025-01-03 15:45:00+00:00,-0.0,-260.9,3504.7,156.9,323.1,3393.7,55.6,0.0,0.0,331.5,301.6,0.0,64.4,269.0,23.6,217.2,11.3,8456.4,8227.9,15.3,14.9,Fraunhofer Energy-Charts
CZ,2025-01-03 16:00:00+00:00,-0.0,-372.6,3507.3,155.1,325.6,3430.8,56.2,0.0,0.0,337.3,441.0,0.0,66.0,269.3,23.5,218.1,0.0,8476.7,8258.6,16.8,16.1,Fraunhofer Energy-Charts
CZ,2025-01-03 16:15:00+00:00,-0.0,-356.7,3509.3,154.8,325.1,3362.3,56.0,0.0,0.0,335.9,460.6,0.0,65.1,269.6,23.1,214.1,0.0,8475.6,8261.4,16.9,16.4,Fraunhofer Energy-Charts
CZ,2025-01-03 16:30:00+00:00,-0.0,-389.6,3510.6,154.8,325.1,3362.2,55.6,0.0,0.0,337.7,460.7,0.0,65.5,270.1,23.0,216.1,0.0,8451.5,8235.4,17.0,16.4,Fraunhofer Energy-Charts
CZ,2025-01-03 16:45:00+00:00,-0.0,-386.8,3509.8,154.8,325.2,3330.6,56.0,0.0,0.0,333.0,459.2,0.0,65.7,270.1,23.0,212.6,0.0,8459.3,8246.6,16.9,16.4,Fraunhofer Energy-Charts
CZ,2025-01-03 17:00:00+00:00,-0.0,-768.6,3510.8,153.8,325.5,3661.1,59.6,9.9,0.0,340.2,486.2,34.8,67.8,271.1,22.8,206.8,0.0,8454.1,8247.3,17.2,16.0,Fraunhofer Energy-Charts
CZ,2025-01-03 17:15:00+00:00,-0.0,-769.6,3511.7,154.2,325.3,3681.0,58.0,2.0,0.0,340.1,448.8,6.0,67.7,271.6,23.4,207.8,0.0,8365.8,8158.0,17.0,15.6,Fraunhofer Energy-Charts
CZ,2025-01-03 17:30:00+00:00,-0.0,-768.9,3512.8,154.3,324.8,3647.6,56.5,2.1,0.0,339.6,441.1,0.0,67.3,271.2,23.8,208.2,0.0,8275.8,8067.6,17.1,15.6,Fraunhofer Energy-Charts
CZ,2025-01-03 17:45:00+00:00,-0.0,-770.6,3512.9,154.6,324.1,3583.5,55.1,0.0,0.0,334.9,422.4,0.0,65.8,270.6,23.1,212.3,0.0,8236.4,8024.1,16.9,15.6,Fraunhofer Energy-Charts
CZ,2025-01-03 18:00:00+00:00,-0.0,-663.9,3512.8,158.5,322.3,3722.0,55.8,0.0,0.0,330.7,218.9,37.5,66.3,269.8,23.1,211.6,0.0,8217.5,8005.9,14.5,13.4,Fraunhofer Energy-Charts
CZ,2025-01-03 18:15:00+00:00,-0.0,-664.9,3511.4,161.1,322.4,3749.0,56.1,0.0,0.0,332.1,150.4,1.0,67.0,270.8,23.6,210.7,0.0,8181.6,7970.9,13.8,12.7,Fraunhofer Energy-Charts
CZ,2025-01-03 18:30:00+00:00,-0.0,-664.3,3511.0,161.0,322.4,3712.7,55.3,0.0,0.0,337.2,151.6,0.0,67.0,270.4,23.1,213.0,0.0,8154.4,7941.3,13.9,12.8,Fraunhofer Energy-Charts
CZ,2025-01-03 18:45:00+00:00,-0.0,-664.9,3511.1,161.3,322.4,3691.1,55.3,0.0,0.0,336.8,145.3,0.0,66.8,271.0,23.6,210.7,0.0,8121.0,7910.3,13.8,12.8,Fraunhofer Energy-Charts
CZ,2025-01-03 19:00:00+00:00,-0.0,-926.0,3512.9,165.8,323.4,3746.7,55.5,0.0,0.0,335.8,44.4,104.4,65.8,270.3,23.6,212.8,0.0,7975.2,7762.4,12.9,11.7,Fraunhofer Energy-Charts
CZ,2025-01-03 19:15:00+00:00,-0.0,-926.0,3514.1,166.3,324.2,3719.2,55.1,0.0,0.0,335.4,39.6,102.4,65.5,270.8,23.9,222.1,0.0,7875.0,7652.9,13.1,11.8,Fraunhofer Energy-Charts
CZ,2025-01-03 19:30:00+00:00,-0.0,-926.0,3513.4,166.4,324.2,3725.1,55.1,0.0,0.0,335.3,39.1,0.0,65.6,271.1,23.0,217.6,0.0,7817.5,7599.9,13.2,11.8,Fraunhofer Energy-Charts
CZ,2025-01-03 19:45:00+00:00,-0.0,-926.0,3512.8,166.4,324.1,3693.7,55.1,0.0,0.0,335.0,38.5,0.0,65.3,270.7,22.9,206.1,0.0,7780.6,7574.5,13.1,11.7,Fraunhofer Energy-Charts
CZ,2025-01-03 20:00:00+00:00,-0.0,-1273.0,3512.0,170.4,324.4,3819.0,59.3,7.0,0.0,328.6,30.8,60.9,60.9,267.9,22.5,196.7,0.0,7671.7,7475.0,13.1,11.4,Fraunhofer Energy-Charts
CZ,2025-01-03 20:15:00+00:00,-0.0,-1273.0,3512.7,170.4,324.1,3854.4,62.5,21.5,0.0,327.2,30.6,0.0,60.0,269.2,22.9,191.4,0.0,7587.7,7396.3,13.1,11.3,Fraunhofer Energy-Charts
CZ,2025-01-03 20:30:00+00:00,-0.0,-1273.0,3514.1,170.4,322.5,3794.9,57.5,7.4,0.0,327.2,30.6,0.0,59.6,267.5,22.8,182.6,0.0,7507.6,7325.0,13.1,11.2,Fraunhofer Energy-Charts
CZ,2025-01-03 20:45:00+00:00,-0.0,-1274.1,3515.6,170.4,322.2,3737.2,55.6,0.0,0.0,325.0,30.5,0.0,57.2,265.5,23.3,173.8,0.0,7445.4,7271.6,13.1,11.2,Fraunhofer Energy-Charts
CZ,2025-01-03 21:00:00+00:00,-0.0,-1414.9,3515.4,165.0,319.6,3806.3,61.3,21.1,0.0,306.0,61.3,0.0,37.6,256.0,23.1,170.2,0.0,7360.3,7190.1,13.4,11.3,Fraunhofer Energy-Charts
CZ,2025-01-03 21:15:00+00:00,-0.0,-1414.9,3514.6,161.3,318.5,3791.0,58.6,18.7,0.0,302.6,112.5,0.0,35.2,256.6,22.8,177.4,0.0,7369.2,7191.7,14.1,11.8,Fraunhofer Energy-Charts
CZ,2025-01-03 21:30:00+00:00,-0.0,-1415.9,3514.4,169.0,317.3,3749.8,58.2,6.0,0.0,301.4,21.6,0.0,34.3,255.8,22.9,179.9,0.0,7225.8,7045.9,13.2,11.1,Fraunhofer Energy-Charts
CZ,2025-01-03 21:45:00+00:00,-0.0,-1416.9,3514.3,169.1,317.1,3635.0,55.6,0.0,0.0,301.0,21.5,0.0,33.9,255.5,22.4,176.3,0.0,7117.9,6941.6,13.4,11.2,Fraunhofer Energy-Charts
CZ,2025-01-03 22:00:00+00:00,-0.0,-1526.2,3515.3,169.6,314.5,3581.6,59.5,0.0,0.0,292.1,16.7,0.0,32.2,254.1,23.1,180.5,0.0,6987.9,6807.3,13.6,11.2,Fraunhofer Energy-Charts
CZ,2025-01-03 22:15:00+00:00,-0.0,-1583.8,3517.2,169.6,314.4,3544.2,55.6,0.0,0.0,291.4,16.7,0.0,31.7,254.2,23.3,184.8,0.0,6882.4,6697.6,13.8,11.3,Fraunhofer Energy-Charts
CZ,2025-01-03 22:30:00+00:00,-0.0,-1619.1,3516.6,169.6,314.5,3444.2,56.5,0.0,0.0,290.9,16.7,0.0,31.8,253.9,23.0,188.4,0.0,6768.5,6580.1,14.1,11.5,Fraunhofer Energy-Charts
CZ,2025-01-03 22:45:00+00:00,-0.0,-1655.3,3515.9,169.6,317.2,3376.8,55.7,0.0,0.0,291.1,16.7,0.0,31.8,254.0,23.2,187.3,0.0,6640.6,6453.3,14.4,11.6,Fraunhofer Energy-Charts
