zone,timestamp_utc,hydro_pumped_storage_consumption,cross_border_electricity_trading,hydro_run-of-river,biomass,fossil_brown_coal___lignite,fossil_hard_coal,fossil_oil,fossil_coal-derived_gas,fossil_gas,hydro_water_reservoir,hydro_pumped_storage,others,other_renewables,wind_onshore,solar,load,residual_load,renewable_share_of_load,renewable_share_of_generation,source
PL,2024-12-31 23:00:00+00:00,-83.9,-2069.2,100.6,180.4,1830.2,4724.9,205.2,177.9,1768.3,31.5,0.0,637.4,56.6,6576.6,0.0,14212.7,7636.0,48.9,42.6,Fraunhofer Energy-Charts
PL,2024-12-31 23:15:00+00:00,-252.6,-2069.2,100.5,180.1,1966.4,4878.4,203.1,177.4,1875.5,31.5,0.0,636.2,56.4,6548.7,0.0,14397.9,7849.2,48.0,41.5,Fraunhofer Energy-Charts
PL,2024-12-31 23:30:00+00:00,-445.3,-2069.2,99.9,184.6,1993.2,4986.6,203.7,176.7,1895.0,31.5,0.0,631.2,55.9,6258.7,0.0,14029.7,7771.0,47.3,40.1,Fraunhofer Energy-Charts
PL,2024-12-31 23:45:00+00:00,-646.4,-2069.2,100.5,184.9,1988.4,4998.3,202.7,176.1,1894.3,31.5,0.0,629.0,55.7,6398.3,0.0,14003.3,7604.9,48.4,40.6,Fraunhofer Energy-Charts
PL,2025-01-01 00:00:00+00:00,-643.6,-2065.5,100.4,185.8,2028.1,5339.6,204.3,177.2,2166.1,31.4,0.0,633.6,56.1,6386.1,0.0,14352.4,7966.3,47.1,39.1,Fraunhofer Energy-Charts
PL,2025-01-01 00:15:00+00:00,-507.9,-2065.5,100.4,185.1,1860.1,5209.8,202.8,176.3,2084.6,31.4,0.0,634.0,56.2,6572.3,0.0,14415.6,7843.3,48.2,40.6,Fraunhofer Energy-Charts
PL,2025-01-01 00:30:00+00:00,-508.1,-2065.5,100.3,182.9,1831.0,4998.8,204.3,176.6,2077.9,31.4,0.0,624.5,55.3,6581.1,0.0,14268.2,7687.2,48.7,41.2,Fraunhofer Energy-Charts
PL,2025-01-01 00:45:00+00:00,-507.0,-2065.5,100.7,186.2,1861.2,5025.9,204.5,179.0,1866.5,31.4,0.0,620.6,54.9,6588.2,0.0,14131.1,7542.9,49.3,41.6,Fraunhofer Energy-Charts
PL,2025-01-01 01:00:00+00:00,-508.2,-2549.3,100.4,185.7,2042.1,5177.0,203.1,176.8,2146.7,31.4,0.0,619.1,54.9,6451.2,0.0,13936.0,7484.8,49.0,39.7,Fraunhofer Energy-Charts
PL,2025-01-01 01:15:00+00:00,-508.6,-2549.3,100.1,183.9,1902.6,5252.2,204.7,178.2,2090.6,31.4,0.0,624.4,55.3,6438.1,0.0,13898.6,7460.4,49.0,39.9,Fraunhofer Energy-Charts
PL,2025-01-01 01:30:00+00:00,-508.9,-2549.3,100.0,185.1,1937.3,5139.7,205.8,175.6,2106.2,31.4,0.0,623.8,55.2,6282.3,0.0,13697.0,7414.7,48.6,39.5,Fraunhofer Energy-Charts
PL,2025-01-01 01:45:00+00:00,-507.9,-2549.3,100.4,186.3,1912.7,5073.6,203.7,175.5,2045.8,31.4,0.0,623.5,55.2,6488.5,0.0,13732.6,7244.1,50.0,40.6,Fraunhofer Energy-Charts
PL,2025-01-01 02:00:00+00:00,-507.4,-2974.0,100.2,186.8,2017.3,5405.8,203.6,177.3,2186.7,31.4,0.0,621.7,55.1,6112.3,0.0,13546.2,7433.9,47.9,37.9,Fraunhofer Energy-Charts
PL,2025-01-01 02:15:00+00:00,-508.2,-2974.0,100.5,186.5,1888.2,5346.2,204.4,178.8,2081.2,31.4,0.0,624.8,55.3,6114.0,0.0,13423.9,7309.9,48.3,38.6,Fraunhofer Energy-Charts
PL,2025-01-01 02:30:00+00:00,-410.7,-2974.0,100.2,184.8,1819.9,5182.9,203.2,177.8,2113.7,31.4,0.0,622.8,55.1,6189.0,0.0,13323.5,7134.5,49.2,39.3,Fraunhofer Energy-Charts
PL,2025-01-01 02:45:00+00:00,-372.9,-2974.0,100.1,185.0,1873.1,4978.1,203.2,177.9,2130.3,31.4,0.0,625.0,55.3,6080.8,0.0,13230.7,7149.9,48.8,39.2,Fraunhofer Energy-Charts
PL,2025-01-01 03:00:00+00:00,-373.4,-2834.0,100.1,185.1,2066.4,5182.0,203.2,177.5,2104.8,31.4,133.2,619.8,54.8,5508.8,0.0,13221.6,7712.9,44.5,36.2,Fraunhofer Energy-Charts
PL,2025-01-01 03:15:00+00:00,-374.9,-2834.0,100.3,186.2,2071.9,5275.3,202.7,179.2,2146.7,31.4,134.0,620.5,54.9,5349.3,0.0,13199.2,7849.9,43.4,35.3,Fraunhofer Energy-Charts
PL,2025-01-01 03:30:00+00:00,-378.5,-2834.0,100.4,186.2,2078.9,5263.7,201.4,179.8,2109.8,31.4,133.2,623.8,55.2,5460.0,0.0,13180.6,7720.5,44.3,35.8,Fraunhofer Energy-Charts
PL,2025-01-01 03:45:00+00:00,-376.0,-2834.0,100.1,183.5,2109.3,5197.2,203.8,179.2,2111.5,31.4,133.2,623.1,55.1,5448.8,0.0,13196.9,7748.0,44.1,35.8,Fraunhofer Energy-Charts
PL,2025-01-01 04:00:00+00:00,-379.8,-3064.0,99.9,182.9,2097.2,5370.8,203.7,179.0,2138.2,31.4,98.0,623.1,55.2,5412.5,0.0,13208.8,7796.3,43.8,35.3,Fraunhofer Energy-Charts
PL,2025-01-01 04:15:00+00:00,-376.5,-3064.0,100.2,182.8,2096.6,5399.4,202.8,177.0,2229.0,31.4,133.2,626.8,55.6,5453.7,0.0,13286.5,7832.8,43.8,35.2,Fraunhofer Energy-Charts
PL,2025-01-01 04:30:00+00:00,-379.3,-3064.0,99.9,182.8,2140.5,5612.0,204.3,176.3,2279.9,31.4,0.0,625.5,55.5,5457.1,0.0,13333.4,7876.3,43.7,34.5,Fraunhofer Energy-Charts
PL,2025-01-01 04:45:00+00:00,-376.9,-3064.0,100.0,181.3,1939.5,5650.3,204.0,174.3,2237.9,31.4,0.0,625.8,55.5,5436.8,0.0,13248.1,7811.3,43.8,34.9,Fraunhofer Energy-Charts
PL,2025-01-01 05:00:00+00:00,-254.2,-2545.0,109.5,181.6,1968.9,5664.8,204.7,174.5,2221.2,34.6,0.0,624.6,55.5,5192.8,0.0,13441.8,8249.0,41.5,33.9,Fraunhofer Energy-Charts
PL,2025-01-01 05:15:00+00:00,-248.7,-2545.0,109.2,179.8,1957.0,5693.6,204.3,172.7,2257.7,34.6,0.0,629.0,55.9,5149.9,0.0,13513.9,8364.0,40.9,33.6,Fraunhofer Energy-Charts
PL,2025-01-01 05:30:00+00:00,-46.7,-2545.0,109.4,178.8,1903.4,5756.2,203.9,172.6,2118.0,34.6,0.0,627.9,55.9,4685.6,0.0,13341.0,8655.3,38.0,32.0,Fraunhofer Energy-Charts
PL,2025-01-01 05:45:00+00:00,-46.6,-2545.0,109.6,178.3,2137.4,5701.5,203.9,175.4,2153.6,34.6,0.0,630.7,56.1,4636.5,0.0,13368.2,8731.7,37.5,31.3,Fraunhofer Energy-Charts
PL,2025-01-01 06:00:00+00:00,-47.0,-2831.0,126.7,176.2,2397.4,5750.4,202.9,176.6,2270.0,40.5,0.0,630.8,56.0,4773.5,0.0,13474.9,8701.4,38.4,31.2,Fraunhofer Energy-Charts
PL,2025-01-01 06:15:00+00:00,-147.5,-2831.0,126.7,175.4,2425.2,5482.1,204.2,176.3,2377.0,40.5,0.0,630.8,56.0,4798.2,2.0,13447.4,8647.1,38.7,31.5,Fraunhofer Energy-Charts
PL,2025-01-01 06:30:00+00:00,-148.8,-2831.0,126.9,171.7,2198.1,5581.0,204.8,176.3,2151.5,40.5,0.0,627.5,55.7,4792.3,21.1,13253.3,8439.9,39.3,32.3,Fraunhofer Energy-Charts
PL,2025-01-01 06:45:00+00:00,-147.5,-2831.0,126.9,169.0,1909.9,5617.9,204.6,174.6,2206.7,40.5,0.0,628.6,55.8,4992.1,57.1,13223.6,8174.4,41.1,33.6,Fraunhofer Energy-Charts
PL,2025-01-01 07:00:00+00:00,-147.1,-2696.0,130.5,170.7,1911.7,5403.5,204.5,177.8,2024.1,41.7,0.0,622.4,55.2,5054.0,144.9,13226.6,8027.7,42.3,35.1,Fraunhofer Energy-Charts
PL,2025-01-01 07:15:00+00:00,-147.7,-2696.0,130.5,169.5,1946.4,5113.5,204.4,178.9,2076.6,41.7,0.0,628.5,55.8,5091.5,303.1,13107.4,7712.8,44.2,36.3,Fraunhofer Energy-Charts
PL,2025-01-01 07:30:00+00:00,-147.7,-2696.0,130.8,172.5,1958.4,4932.7,203.2,179.1,2032.5,41.8,0.0,623.5,55.3,4823.1,513.8,12926.6,7589.7,44.4,36.6,Fraunhofer Energy-Charts
PL,2025-01-01 07:45:00+00:00,-148.3,-2696.0,130.5,168.2,1979.8,4958.9,202.0,180.0,2013.0,41.8,0.0,625.6,55.5,4171.2,747.3,12974.9,8056.4,41.0,34.8,Fraunhofer Energy-Charts
PL,2025-01-01 08:00:00+00:00,-146.7,-2435.0,127.3,164.0,1889.0,5266.1,201.3,177.9,2113.5,40.7,0.0,623.0,55.3,3707.7,917.0,12952.4,8327.8,38.7,32.8,Fraunhofer Energy-Charts
PL,2025-01-01 08:15:00+00:00,-146.3,-2435.0,127.8,163.8,1987.4,5352.0,201.5,177.4,2245.6,40.7,0.0,623.3,55.3,3706.0,1114.8,13031.7,8210.9,40.0,33.0,Fraunhofer Energy-Charts
PL,2025-01-01 08:30:00+00:00,-146.3,-2435.0,127.6,164.4,1928.2,5298.2,201.6,177.1,2050.5,40.7,0.0,622.6,55.3,3713.5,1218.3,12944.2,8012.5,41.1,34.1,Fraunhofer Energy-Charts
PL,2025-01-01 08:45:00+00:00,-146.3,-2435.0,127.4,162.8,1921.4,5441.0,201.0,173.6,2119.4,40.7,0.0,622.7,55.2,3732.7,1375.8,13208.3,8099.8,41.6,34.4,Fraunhofer Energy-Charts
PL,2025-01-01 09:00:00+00:00,-18.3,-2734.0,117.6,162.8,1870.2,5519.7,200.9,173.1,2074.0,37.4,0.0,620.8,55.1,3722.3,1481.6,13144.2,7940.3,42.4,34.8,Fraunhofer Energy-Charts
PL,2025-01-01 09:15:00+00:00,-18.2,-2734.0,117.8,160.2,1877.6,5396.0,200.6,172.2,2056.2,37.4,0.0,620.7,55.1,3714.2,1590.9,13091.5,7786.4,43.4,35.5,Fraunhofer Energy-Charts
PL,2025-01-01 09:30:00+00:00,-14.5,-2734.0,117.7,164.1,1841.9,5389.7,198.8,172.5,2063.8,37.4,0.0,621.3,55.1,3754.3,1665.7,13332.0,7911.9,43.5,36.0,Fraunhofer Energy-Charts
PL,2025-01-01 09:45:00+00:00,-18.2,-2734.0,117.6,163.9,1936.9,5458.7,198.6,168.3,2068.9,37.4,0.0,617.1,54.8,3741.7,1688.8,13310.9,7880.5,43.6,35.7,Fraunhofer Energy-Charts
PL,2025-01-01 10:00:00+00:00,-18.0,-2874.0,112.6,166.6,1925.5,5385.4,199.6,169.0,1997.2,35.7,0.0,622.9,55.3,3884.1,1768.5,13412.2,7759.6,44.9,36.9,Fraunhofer Energy-Charts
PL,2025-01-01 10:15:00+00:00,-14.6,-2874.0,112.7,166.6,1929.9,5376.6,199.8,171.3,2067.4,35.7,0.0,618.9,54.9,3867.0,1849.9,13473.1,7756.2,45.2,37.0,Fraunhofer Energy-Charts
PL,2025-01-01 10:30:00+00:00,-17.7,-2874.0,112.7,164.4,1923.8,5404.4,198.7,171.8,2104.7,35.7,0.0,620.7,55.0,3884.8,1845.7,13660.9,7930.5,44.6,36.9,Fraunhofer Energy-Charts
PL,2025-01-01 10:45:00+00:00,-18.1,-2874.0,112.8,164.5,2133.4,5310.2,199.6,169.0,2283.2,35.7,0.0,620.6,55.0,3883.2,1807.9,13737.6,8046.5,44.1,36.1,Fraunhofer Energy-Charts
PL,2025-01-01 11:00:00+00:00,-17.6,-2872.0,112.6,166.3,1959.6,5392.1,199.5,169.2,2155.5,35.7,0.0,625.8,55.5,3995.4,1729.7,13868.2,8143.2,44.0,36.7,Fraunhofer Energy-Charts
PL,2025-01-01 11:15:00+00:00,-18.3,-2872.0,112.7,166.3,1966.5,5515.1,200.2,168.6,2074.4,35.7,0.0,617.3,54.8,3996.8,1668.0,13856.5,8191.6,43.5,36.4,Fraunhofer Energy-Charts
PL,2025-01-01 11:30:00+00:00,-14.3,-2872.0,112.9,165.8,2136.6,5664.1,198.4,167.8,2104.9,35.7,0.0,617.9,54.8,3991.5,1553.0,14011.6,8467.2,42.2,35.2,Fraunhofer Energy-Charts
PL,2025-01-01 11:45:00+00:00,-12.2,-2872.0,112.8,164.3,2140.0,5542.6,198.9,171.7,2324.9,35.7,0.0,619.0,54.9,4348.5,1478.7,14379.9,8552.7,43.1,36.0,Fraunhofer Energy-Charts
PL,2025-01-01 12:00:00+00:00,-8.5,-2844.0,113.0,164.9,2019.4,5546.9,199.4,173.5,2341.7,35.7,0.0,621.2,55.1,4790.6,1284.5,14741.6,8666.6,43.7,37.1,Fraunhofer Energy-Charts
PL,2025-01-01 12:15:00+00:00,-8.3,-2844.0,112.8,165.9,1975.1,5577.2,198.9,176.2,2257.6,35.7,134.8,620.5,55.1,5000.6,1200.1,14855.1,8654.5,44.2,37.8,Fraunhofer Energy-Charts
PL,2025-01-01 12:30:00+00:00,-11.0,-2844.0,113.3,168.8,2004.7,5600.7,200.0,174.4,2325.1,35.7,134.6,622.2,55.2,5076.6,1054.8,15228.6,9097.3,42.7,37.3,Fraunhofer Energy-Charts
PL,2025-01-01 12:45:00+00:00,-3.8,-2844.0,112.5,168.0,2309.0,5567.5,200.4,174.4,2445.0,64.1,135.0,621.5,55.1,5348.0,912.7,15370.6,9109.8,43.3,37.0,Fraunhofer Energy-Charts
PL,2025-01-01 13:00:00+00:00,-7.0,-2921.5,112.4,165.7,1973.7,5366.7,199.6,173.1,2400.5,56.5,0.0,621.8,55.2,7059.9,803.8,15260.7,7397.1,54.1,43.5,Fraunhofer Energy-Charts
PL,2025-01-01 13:15:00+00:00,-3.8,-2921.5,112.7,167.1,1926.8,5097.6,199.5,173.2,1974.8,45.5,0.0,625.8,55.6,7098.4,657.2,15375.8,7620.2,52.9,44.9,Fraunhofer Energy-Charts
PL,2025-01-01 13:30:00+00:00,-3.8,-2921.5,112.6,168.3,2056.3,5142.1,196.8,171.3,2052.4,45.4,162.9,626.1,55.7,7047.6,480.8,15401.6,7873.2,51.4,43.6,Fraunhofer Energy-Charts
PL,2025-01-01 13:45:00+00:00,-7.6,-2921.5,112.2,165.7,2009.5,5308.5,198.4,169.9,2166.6,45.4,162.9,622.6,55.3,7081.6,303.4,15456.8,8071.9,50.2,42.6,Fraunhofer Energy-Charts
PL,2025-01-01 14:00:00+00:00,-3.8,-2425.4,118.0,169.9,1966.7,5373.5,198.1,170.1,1984.0,47.2,133.5,626.2,55.7,7463.9,208.3,16070.2,8398.0,50.2,43.9,Fraunhofer Energy-Charts
PL,2025-01-01 14:15:00+00:00,-7.9,-2425.4,118.2,172.6,1946.0,5502.4,197.8,168.9,2131.6,52.0,133.2,627.1,55.7,7500.6,120.3,16136.0,8515.2,49.7,43.1,Fraunhofer Energy-Charts
PL,2025-01-01 14:30:00+00:00,-7.0,-2425.4,118.0,175.1,2093.4,5423.2,199.2,167.8,2114.5,47.3,133.6,629.2,55.9,7464.9,82.7,16353.6,8806.1,48.6,42.8,Fraunhofer Energy-Charts
PL,2025-01-01 14:45:00+00:00,-3.9,-2425.4,118.0,174.9,2030.0,5498.1,198.6,167.5,2240.2,76.8,133.9,628.4,55.8,7556.3,50.0,16735.7,9129.4,48.0,42.7,Fraunhofer Energy-Charts
PL,2025-01-01 15:00:00+00:00,-3.6,-1672.0,130.2,172.7,1755.9,5081.7,198.0,168.0,1982.8,71.0,134.0,627.0,55.6,8576.2,0.0,17211.5,8635.3,52.3,47.9,Fraunhofer Energy-Charts
PL,2025-01-01 15:15:00+00:00,-6.9,-1672.0,130.0,173.1,1919.8,5032.7,199.1,166.7,2086.2,89.8,0.0,631.9,56.1,8826.7,0.0,17493.0,8666.4,53.0,48.0,Fraunhofer Energy-Charts
PL,2025-01-01 15:30:00+00:00,-3.6,-1672.0,130.4,172.8,1916.4,4904.6,198.5,166.1,1988.3,80.8,0.0,631.6,56.1,8859.1,0.0,17367.9,8508.8,53.5,48.7,Fraunhofer Energy-Charts
PL,2025-01-01 15:45:00+00:00,-3.1,-1672.0,130.1,172.4,1963.8,4931.7,198.9,165.4,2127.9,119.9,0.0,633.0,56.2,8880.1,0.0,17681.6,8801.5,52.9,48.3,Fraunhofer Energy-Charts
PL,2025-01-01 16:00:00+00:00,-6.9,-1719.5,133.4,171.7,1948.6,4874.3,200.0,166.7,2014.6,141.7,108.0,634.8,56.4,8906.4,0.0,17697.5,8791.2,53.2,48.9,Fraunhofer Energy-Charts
PL,2025-01-01 16:15:00+00:00,-3.3,-1719.5,133.1,175.4,1918.0,4921.3,199.4,168.1,1962.8,195.9,106.0,634.2,56.3,8888.5,0.0,17475.6,8587.1,54.1,49.1,Fraunhofer Energy-Charts
PL,2025-01-01 16:30:00+00:00,-3.0,-1719.5,133.4,180.2,1922.5,4897.6,200.1,165.8,1896.3,197.8,106.0,631.1,56.1,8903.3,0.0,17655.0,8751.6,53.6,49.4,Fraunhofer Energy-Charts
PL,2025-01-01 16:45:00+00:00,-3.2,-1719.5,133.2,180.6,1884.1,4833.8,200.4,165.3,1962.5,153.1,108.0,636.5,56.5,8891.2,0.0,17545.9,8654.7,53.7,49.3,Fraunhofer Energy-Charts
PL,2025-01-01 17:00:00+00:00,-3.2,-1614.6,143.0,180.4,1841.3,4874.1,200.5,165.4,1840.5,175.3,136.3,626.0,55.6,8878.8,0.0,17522.4,8643.7,53.8,49.7,Fraunhofer Energy-Charts
PL,2025-01-01 17:15:00+00:00,-3.0,-1614.6,143.2,180.9,1928.5,4857.1,199.0,165.5,1850.9,181.6,135.6,632.1,56.2,8877.5,0.0,17517.6,8640.2,53.9,49.5,Fraunhofer Energy-Charts
PL,2025-01-01 17:30:00+00:00,-3.3,-1614.6,143.4,180.6,1907.6,4883.2,200.6,171.2,1849.0,169.9,136.0,628.0,55.8,8882.0,0.0,17472.2,8590.2,54.0,49.5,Fraunhofer Energy-Charts
PL,2025-01-01 17:45:00+00:00,-3.0,-1614.6,143.6,179.3,1862.0,4851.2,201.8,166.2,1868.0,154.4,265.0,630.8,56.1,8838.8,0.0,17609.0,8770.3,53.2,49.5,Fraunhofer Energy-Charts
PL,2025-01-01 18:00:00+00:00,-6.0,-1760.0,139.8,180.0,1949.4,4968.6,200.0,165.2,1872.6,155.8,268.8,628.5,55.8,8849.7,0.0,17587.8,8738.1,53.3,48.9,Fraunhofer Energy-Charts
PL,2025-01-01 18:15:00+00:00,-3.0,-1760.0,140.2,181.6,1863.4,4976.5,201.6,169.8,1846.3,156.2,239.0,628.5,55.8,8828.6,0.0,17583.6,8755.0,53.2,49.2,Fraunhofer Energy-Charts
PL,2025-01-01 18:30:00+00:00,-3.0,-1760.0,139.9,182.6,1805.2,4873.1,199.8,170.3,1836.6,153.2,239.0,620.9,55.1,8856.9,0.0,17398.4,8541.6,54.0,49.7,Fraunhofer Energy-Charts
PL,2025-01-01 18:45:00+00:00,-3.0,-1760.0,140.3,180.6,1871.3,4979.1,200.7,170.4,1845.6,153.5,239.2,623.2,55.3,8845.5,0.0,17579.9,8734.4,53.3,49.2,Fraunhofer Energy-Charts
PL,2025-01-01 19:00:00+00:00,-3.2,-1764.0,119.6,182.3,1903.3,4986.5,199.7,168.8,1864.5,60.0,173.0,632.3,56.2,8842.2,0.0,17497.6,8655.4,52.9,48.7,Fraunhofer Energy-Charts
PL,2025-01-01 19:15:00+00:00,-6.5,-1764.0,119.8,182.7,1855.4,4942.0,200.0,169.8,1837.8,54.4,133.3,625.2,55.6,8801.6,0.0,17204.2,8402.6,53.6,48.9,Fraunhofer Energy-Charts
PL,2025-01-01 19:30:00+00:00,-3.8,-1764.0,119.6,181.3,1821.2,4815.2,199.5,172.3,1810.7,60.0,131.8,629.4,55.9,8838.4,0.0,17067.1,8228.8,54.2,49.5,Fraunhofer Energy-Charts
PL,2025-01-01 19:45:00+00:00,-3.6,-1764.0,119.6,183.3,1820.5,4815.5,199.2,173.9,1806.8,54.3,131.9,624.0,55.4,8848.2,0.0,16970.1,8121.9,54.6,49.5,Fraunhofer Energy-Charts
PL,2025-01-01 20:00:00+00:00,-3.9,-2244.9,102.9,181.9,2063.8,5149.0,199.1,171.8,2027.7,32.3,0.0,625.0,55.5,7966.0,0.0,16231.7,8265.7,51.4,44.9,Fraunhofer Energy-Charts
PL,2025-01-01 20:15:00+00:00,-3.9,-2244.9,102.7,182.6,1918.4,5225.6,199.0,171.3,2123.7,32.3,0.0,625.8,55.6,7875.5,0.0,16033.4,8157.9,51.4,44.6,Fraunhofer Energy-Charts
PL,2025-01-01 20:30:00+00:00,-7.3,-2244.9,102.9,183.9,1881.2,5059.3,199.4,171.1,2004.6,32.3,0.0,622.5,55.3,7861.4,0.0,15871.1,8009.7,51.9,45.3,Fraunhofer Energy-Charts
PL,2025-01-01 20:45:00+00:00,-3.8,-2244.9,102.6,179.4,1945.9,4986.6,199.5,172.4,1996.4,32.3,0.0,628.4,55.9,7834.9,0.0,15872.5,8037.5,51.7,45.2,Fraunhofer Energy-Charts
PL,2025-01-01 21:00:00+00:00,-3.9,-2803.3,100.3,177.6,2014.1,5419.2,198.5,174.1,2254.8,31.4,0.0,617.5,54.7,7807.8,0.0,15708.1,7900.3,52.0,43.4,Fraunhofer Energy-Charts
PL,2025-01-01 21:15:00+00:00,-6.9,-2803.3,100.0,177.8,2210.6,5422.5,197.5,176.2,2335.4,31.4,0.0,624.7,55.4,7822.6,0.0,15643.2,7820.6,52.3,42.7,Fraunhofer Energy-Charts
PL,2025-01-01 21:30:00+00:00,-3.8,-2803.3,100.4,174.9,2010.3,5294.9,196.8,177.0,2293.1,31.4,0.0,620.9,55.0,7808.7,0.0,15287.6,7478.9,53.4,43.5,Fraunhofer Energy-Charts
PL,2025-01-01 21:45:00+00:00,-3.8,-2803.3,100.2,174.4,1886.7,4968.1,196.7,176.1,1846.9,31.4,0.0,621.0,55.0,7766.5,0.0,15257.4,7490.9,53.3,45.6,Fraunhofer Energy-Charts
PL,2025-01-01 22:00:00+00:00,-3.8,-2973.0,100.4,173.8,1973.7,5024.5,195.8,179.3,1759.2,31.4,0.0,617.8,54.7,7699.0,0.0,14781.8,7082.8,54.5,45.3,Fraunhofer Energy-Charts
PL,2025-01-01 22:15:00+00:00,-3.9,-2973.0,100.4,174.8,1871.0,4859.5,195.3,179.8,1878.7,31.4,0.0,623.3,55.2,7675.9,0.0,14619.3,6943.4,55.0,45.6,Fraunhofer Energy-Charts
PL,2025-01-01 22:30:00+00:00,-3.8,-2973.0,100.0,170.0,1834.3,4880.8,196.2,178.0,1764.2,31.4,0.0,619.7,54.9,7658.7,0.0,14364.5,6705.8,55.8,45.8,Fraunhofer Energy-Charts
PL,2025-01-01 22:45:00+00:00,-3.8,-2973.0,100.2,168.9,1829.6,4706.4,197.6,180.4,1799.2,31.4,0.0,623.4,55.2,7562.5,0.0,14182.3,6619.8,55.8,45.9,Fraunhofer Energy-Charts
PL,2025-01-01 23:00:00+00:00,-73.5,-3401.0,102.5,169.2,2202.6,5163.6,195.6,181.9,1957.1,31.4,0.0,627.4,55.2,6739.3,0.0,13584.0,6844.6,52.3,40.7,Fraunhofer Energy-Charts
PL,2025-01-01 23:15:00+00:00,-146.2,-3401.0,102.2,165.2,2245.5,4844.1,193.4,182.4,1860.3,31.4,0.0,622.0,54.7,6750.2,0.0,13411.6,6661.3,53.0,41.7,Fraunhofer Energy-Charts
PL,2025-01-01 23:30:00+00:00,-142.9,-3401.0,102.3,161.6,2293.4,4707.3,194.8,185.3,1893.5,31.4,0.0,627.7,55.3,6730.0,0.0,13319.1,6589.1,53.2,41.7,Fraunhofer Energy-Charts
PL,2025-01-01 23:45:00+00:00,-341.8,-3401.0,102.3,156.8,2093.1,4910.4,193.4,184.3,2000.1,31.4,0.0,629.9,55.5,6695.5,0.0,13245.3,6549.8,53.2,41.3,Fraunhofer Energy-Charts
PL,2025-01-02 00:00:00+00:00,-483.3,-3277.6,102.0,154.2,1787.4,5141.6,193.2,184.6,2150.6,31.4,0.0,621.2,54.7,6807.7,0.0,13274.0,6466.3,53.9,41.5,Fraunhofer Energy-Charts
PL,2025-01-02 00:15:00+00:00,-610.4,-3277.6,102.2,155.9,1828.8,4953.4,193.4,184.8,1886.5,31.4,0.0,624.6,54.9,6797.1,0.0,13195.3,6398.1,54.1,42.5,Fraunhofer Energy-Charts
PL,2025-01-02 00:30:00+00:00,-611.7,-3277.6,102.1,155.3,1846.3,4960.5,192.7,181.8,2032.1,31.4,0.0,619.2,54.5,6818.3,0.0,13162.0,6343.7,54.4,42.1,Fraunhofer Energy-Charts
PL,2025-01-02 00:45:00+00:00,-610.3,-3277.6,101.8,157.1,1833.0,5013.8,192.0,181.4,1950.3,31.4,0.0,621.0,54.7,6718.1,0.0,13048.1,6330.0,54.1,41.9,Fraunhofer Energy-Charts
PL,2025-01-02 01:00:00+00:00,-641.2,-3103.0,102.0,156.2,1963.7,5078.9,192.1,178.6,2003.8,31.4,0.0,621.5,54.7,6252.9,0.0,13027.9,6775.1,50.6,39.7,Fraunhofer Energy-Charts
PL,2025-01-02 01:15:00+00:00,-640.9,-3103.0,102.3,162.5,2030.0,5192.2,191.2,174.0,2085.6,31.4,0.0,617.3,54.4,6241.2,0.0,12965.6,6724.4,50.8,39.0,Fraunhofer Energy-Charts
PL,2025-01-02 01:30:00+00:00,-641.2,-3103.0,102.0,164.6,1998.5,5189.9,192.6,173.6,2094.6,31.4,0.0,620.8,54.7,6251.8,0.0,12981.4,6729.6,50.9,39.1,Fraunhofer Energy-Charts
PL,2025-01-02 01:45:00+00:00,-640.4,-3103.0,102.0,168.2,1893.8,5166.7,191.6,173.5,2081.6,31.4,0.0,621.4,54.8,6222.9,0.0,12797.5,6574.5,51.4,39.4,Fraunhofer Energy-Charts
PL,2025-01-02 02:00:00+00:00,-638.3,-3137.0,101.7,169.3,1942.9,5262.9,192.6,172.9,1981.2,31.3,0.0,622.0,54.8,6264.0,0.0,12977.4,6713.4,51.0,39.4,Fraunhofer Energy-Charts
PL,2025-01-02 02:15:00+00:00,-637.8,-3137.0,102.1,174.3,1925.5,5138.9,193.2,173.1,2065.7,31.3,0.0,625.9,55.1,6206.5,0.0,13016.3,6809.8,50.5,39.4,Fraunhofer Energy-Charts
PL,2025-01-02 02:30:00+00:00,-373.0,-3137.0,101.9,179.1,1855.7,4921.6,194.0,172.6,1914.1,31.3,0.0,622.3,54.8,6208.4,0.0,12973.3,6764.9,50.7,40.5,Fraunhofer Energy-Charts
PL,2025-01-02 02:45:00+00:00,-373.2,-3137.0,102.1,181.8,1888.3,4931.1,191.8,175.1,2030.8,31.3,0.0,628.2,55.5,6219.7,0.0,13020.6,6800.9,50.6,40.1,Fraunhofer Energy-Charts
PL,2025-01-02 03:00:00+00:00,-342.6,-3240.0,102.2,186.4,1809.3,5001.3,192.6,176.9,1973.3,31.3,0.0,627.9,55.5,6751.7,0.0,13181.8,6430.1,54.1,42.2,Fraunhofer Energy-Charts
PL,2025-01-02 03:15:00+00:00,-341.5,-3240.0,102.5,188.7,1842.5,5079.4,191.8,177.2,1982.9,31.3,0.0,629.0,55.6,6741.7,0.0,13396.2,6654.4,53.1,41.8,Fraunhofer Energy-Charts
PL,2025-01-02 03:30:00+00:00,-341.3,-3240.0,102.3,187.6,1860.5,5047.2,192.7,177.1,2012.2,31.3,0.0,629.7,55.7,6753.9,0.0,13397.4,6643.5,53.2,41.8,Fraunhofer Energy-Charts
PL,2025-01-02 03:45:00+00:00,-341.5,-3240.0,102.1,186.6,1979.3,5097.1,192.9,177.4,2066.4,31.3,0.0,625.4,55.2,6735.4,0.0,13652.8,6917.4,52.1,41.2,Fraunhofer Energy-Charts
PL,2025-01-02 04:00:00+00:00,-340.8,-3398.0,101.9,185.6,1927.0,4720.8,192.4,178.5,1934.6,31.3,0.0,628.9,55.7,7626.8,0.0,14053.2,6426.4,56.9,45.5,Fraunhofer Energy-Charts
PL,2025-01-02 04:15:00+00:00,-340.5,-3398.0,101.8,185.9,1966.3,4943.3,192.1,176.9,1972.6,31.3,0.0,627.0,55.6,7725.4,0.0,14215.1,6489.6,57.0,45.1,Fraunhofer Energy-Charts
PL,2025-01-02 04:30:00+00:00,-340.1,-3398.0,102.1,184.2,2289.0,5234.4,192.6,176.7,2149.6,31.3,0.0,626.9,55.6,7788.9,0.0,14899.8,7110.9,54.8,43.3,Fraunhofer Energy-Charts
PL,2025-01-02 04:45:00+00:00,-267.1,-3398.0,102.2,183.5,2186.3,5312.3,193.4,176.4,2239.5,31.3,0.0,632.2,56.0,8040.1,0.0,15730.8,7690.7,53.5,43.9,Fraunhofer Energy-Charts
PL,2025-01-02 05:00:00+00:00,-49.3,-3125.5,111.3,183.7,2246.1,5264.9,194.9,176.8,2113.3,34.5,0.0,620.8,55.1,8591.1,0.0,16332.0,7740.9,55.0,45.8,Fraunhofer Energy-Charts
PL,2025-01-02 05:15:00+00:00,-8.6,-3125.5,111.6,185.1,2139.6,5642.4,195.3,177.2,2001.6,34.5,0.0,626.1,55.5,8607.9,0.0,16717.1,8109.2,53.8,45.5,Fraunhofer Energy-Charts
PL,2025-01-02 05:30:00+00:00,-4.1,-3125.5,111.1,185.9,2327.3,5745.8,195.5,176.0,2179.8,34.5,0.0,625.0,55.4,8526.4,0.0,17147.8,8621.5,52.0,44.2,Fraunhofer Energy-Charts
PL,2025-01-02 05:45:00+00:00,-4.0,-3125.5,111.1,190.9,2777.6,5887.0,193.4,177.1,2338.2,34.5,0.0,639.8,56.8,8408.6,0.0,17729.7,9321.1,49.6,42.3,Fraunhofer Energy-Charts
PL,2025-01-02 06:00:00+00:00,-4.0,-3028.3,137.9,194.9,2848.8,6026.4,194.2,181.6,2275.7,62.7,134.0,652.8,57.8,8372.8,0.6,17921.2,9547.8,49.3,42.0,Fraunhofer Energy-Charts
PL,2025-01-02 06:15:00+00:00,-3.8,-3028.3,134.4,196.9,3126.4,6063.4,194.1,183.0,2103.4,62.7,133.9,664.8,58.9,8442.2,4.5,18346.8,9900.0,48.5,41.9,Fraunhofer Energy-Charts
PL,2025-01-02 06:30:00+00:00,-3.8,-3028.3,134.5,198.9,3318.0,6150.1,194.0,181.5,2154.6,62.6,133.5,664.8,58.8,8335.0,19.0,18418.4,10064.4,47.8,41.0,Fraunhofer Energy-Charts
PL,2025-01-02 06:45:00+00:00,-4.0,-3028.3,134.4,199.0,3457.3,6312.6,192.2,182.5,2092.9,62.8,133.9,669.6,59.3,8175.1,50.3,18545.1,10319.7,46.8,40.2,Fraunhofer Energy-Charts
PL,2025-01-02 07:00:00+00:00,-3.9,-3280.0,135.4,201.0,3630.4,6499.5,192.2,182.0,2177.1,63.0,133.9,675.6,59.9,8230.8,173.7,19020.8,10616.3,46.6,39.9,Fraunhofer Energy-Charts
PL,2025-01-02 07:15:00+00:00,-5.3,-3280.0,135.3,203.5,3899.4,6515.5,192.5,180.5,2114.9,42.5,134.1,675.8,59.9,8399.7,182.6,19345.4,10763.2,46.6,39.9,Fraunhofer Energy-Charts
PL,2025-01-02 07:30:00+00:00,-34.9,-3280.0,135.7,203.5,4096.2,6518.7,191.3,178.7,2139.8,42.5,133.8,669.9,59.4,8332.2,243.9,19478.7,10902.6,46.3,39.5,Fraunhofer Energy-Charts
PL,2025-01-02 07:45:00+00:00,-34.9,-3280.0,135.4,203.6,4202.7,6591.7,191.9,176.4,2157.3,42.5,134.0,668.8,59.3,8446.7,341.0,19748.5,10960.8,46.7,39.7,Fraunhofer Energy-Charts
PL,2025-01-02 08:00:00+00:00,-34.8,-3840.0,130.2,204.4,4380.7,6660.7,192.8,174.1,2421.2,40.7,177.2,662.8,58.7,8382.1,451.8,20101.1,11267.2,46.1,39.0,Fraunhofer Energy-Charts
PL,2025-01-02 08:15:00+00:00,-34.9,-3840.0,130.2,206.4,4452.5,6598.6,192.7,173.4,2510.7,40.7,0.0,657.0,58.2,8337.7,543.6,20052.7,11171.5,46.5,39.0,Fraunhofer Energy-Charts
PL,2025-01-02 08:30:00+00:00,-35.0,-3840.0,130.0,207.8,4577.7,6493.0,191.7,174.2,2366.3,40.7,0.0,661.3,58.6,8382.2,676.1,20189.2,11130.8,47.0,39.6,Fraunhofer Energy-Charts
PL,2025-01-02 08:45:00+00:00,-35.1,-3840.0,130.6,209.2,4741.8,6579.1,191.0,174.8,2080.6,40.7,0.0,660.9,58.6,8314.3,831.3,20044.1,10898.5,47.8,39.9,Fraunhofer Energy-Charts
PL,2025-01-02 09:00:00+00:00,-35.0,-4052.0,120.1,209.3,4748.6,6292.0,192.0,176.9,2096.1,37.3,0.0,668.2,59.2,8419.8,988.9,20061.7,10653.1,49.0,41.0,Fraunhofer Energy-Charts
PL,2025-01-02 09:15:00+00:00,-34.9,-4052.0,120.4,212.6,4841.8,6305.6,191.6,179.6,2072.0,37.3,0.0,667.3,59.0,8428.2,1182.8,20247.3,10636.4,49.6,41.3,Fraunhofer Energy-Charts
PL,2025-01-02 09:30:00+00:00,-3.8,-4052.0,120.6,213.7,4816.2,6383.8,191.9,179.2,2072.6,37.3,0.0,668.3,59.2,8471.0,1368.2,20532.6,10693.3,50.0,41.8,Fraunhofer Energy-Charts
PL,2025-01-02 09:45:00+00:00,-3.8,-4052.0,120.3,216.4,4686.7,6312.6,192.9,180.0,2054.8,37.3,0.0,670.6,59.4,8438.2,1479.1,20409.2,10491.8,50.7,42.3,Fraunhofer Energy-Charts
PL,2025-01-02 10:00:00+00:00,-3.8,-3906.8,115.2,216.5,4558.5,6165.0,195.0,181.3,2024.0,35.6,0.0,671.4,59.3,8401.0,1548.8,20472.0,10522.2,50.7,42.9,Fraunhofer Energy-Charts
PL,2025-01-02 10:15:00+00:00,-3.8,-3906.8,115.5,214.4,4387.7,6213.2,195.9,183.3,2022.7,35.6,0.0,671.8,59.3,8213.4,1675.1,20686.7,10798.2,49.9,43.0,Fraunhofer Energy-Charts
PL,2025-01-02 10:30:00+00:00,-3.8,-3906.8,115.0,216.1,4286.1,6187.7,197.2,184.2,2061.6,35.6,0.0,671.3,59.2,8191.9,1705.7,20710.1,10812.4,49.8,43.2,Fraunhofer Energy-Charts
PL,2025-01-02 10:45:00+00:00,-4.0,-3906.8,114.9,214.6,3960.5,6392.6,184.6,184.7,2091.2,35.6,0.0,668.2,59.0,8135.6,1744.8,20676.5,10796.1,49.8,43.3,Fraunhofer Energy-Charts
PL,2025-01-02 11:00:00+00:00,-3.8,-3103.0,115.3,214.8,3667.6,6210.9,201.1,185.7,2074.6,35.6,0.0,676.1,59.5,7957.2,1721.0,20671.2,10993.0,48.9,43.7,Fraunhofer Energy-Charts
PL,2025-01-02 11:15:00+00:00,-3.8,-3103.0,115.3,215.6,3877.3,6294.5,200.6,185.4,2065.3,35.6,0.0,673.0,59.3,7929.2,1683.3,20820.5,11208.0,48.2,43.0,Fraunhofer Energy-Charts
PL,2025-01-02 11:30:00+00:00,-3.8,-3103.0,115.2,215.2,4218.9,6287.7,201.1,185.5,2042.0,35.6,0.0,672.6,59.3,7797.6,1666.5,20708.4,11244.4,47.8,42.1,Fraunhofer Energy-Charts
PL,2025-01-02 11:45:00+00:00,-3.8,-3103.0,115.5,214.2,4365.6,6321.9,202.3,185.8,2042.0,35.6,0.0,674.5,59.4,7797.3,1552.2,20924.5,11575.0,46.7,41.5,Fraunhofer Energy-Charts
PL,2025-01-02 12:00:00+00:00,-3.8,-3480.0,115.4,214.0,4841.7,6994.0,202.1,188.1,2094.7,66.8,16.3,675.4,59.5,7652.1,1426.2,21264.6,12186.4,44.8,38.9,Fraunhofer Energy-Charts
PL,2025-01-02 12:15:00+00:00,-4.0,-3480.0,115.1,213.6,4911.6,7025.4,205.1,187.5,2099.1,66.8,16.3,675.4,59.6,7544.8,1338.7,21252.5,12369.0,43.9,38.2,Fraunhofer Energy-Charts
PL,2025-01-02 12:30:00+00:00,-4.0,-3480.0,115.1,213.7,5005.0,7166.4,205.4,186.9,2111.9,66.9,16.3,674.7,59.5,7384.5,1177.9,21212.6,12650.2,42.5,37.0,Fraunhofer Energy-Charts
PL,2025-01-02 12:45:00+00:00,-3.8,-3480.0,115.2,215.7,4997.8,6932.9,203.5,185.3,2153.7,67.1,16.4,672.2,59.3,7248.3,997.0,20761.2,12515.9,41.9,36.5,Fraunhofer Energy-Charts
PL,2025-01-02 13:00:00+00:00,-3.8,-3132.2,115.2,217.5,5354.0,7055.4,202.4,184.2,2153.8,70.9,16.4,673.7,59.4,7082.4,827.5,20962.9,13052.9,39.9,34.9,Fraunhofer Energy-Charts
PL,2025-01-02 13:15:00+00:00,-3.8,-3132.2,115.4,217.6,5310.6,7400.7,206.2,182.4,2275.2,50.4,153.1,674.2,59.5,6977.0,652.4,21159.3,13530.0,38.1,33.5,Fraunhofer Energy-Charts
PL,2025-01-02 13:30:00+00:00,-3.8,-3132.2,115.6,218.9,5485.9,7686.9,208.2,180.7,2476.7,50.4,151.7,674.3,59.4,6709.9,511.6,21260.4,14038.9,36.1,31.4,Fraunhofer Energy-Charts
PL,2025-01-02 13:45:00+00:00,-4.0,-3132.2,115.3,219.3,5536.7,7776.9,210.7,180.4,2489.9,56.4,151.6,679.0,59.7,6247.7,340.8,21219.2,14630.7,33.2,29.4,Fraunhofer Energy-Charts
PL,2025-01-02 14:00:00+00:00,-3.8,-2262.0,120.8,219.4,5417.6,7489.9,210.6,180.6,2220.8,52.3,151.8,681.2,59.9,5916.4,211.1,21086.5,14959.0,31.2,28.9,Fraunhofer Energy-Charts
PL,2025-01-02 14:15:00+00:00,-4.0,-2262.0,120.5,218.7,5609.7,7939.3,207.6,179.7,2338.8,52.3,151.7,677.4,59.6,5725.7,108.0,21476.2,15642.5,29.3,27.0,Fraunhofer Energy-Charts
PL,2025-01-02 14:30:00+00:00,-4.0,-2262.0,120.5,219.8,5683.7,8137.4,208.5,180.2,2608.0,66.5,151.7,680.5,59.8,5578.3,52.5,21578.7,15947.8,28.3,25.8,Fraunhofer Energy-Charts
PL,2025-01-02 14:45:00+00:00,-3.8,-2262.0,120.5,218.6,5529.4,8182.1,210.0,184.6,2729.9,66.4,338.5,687.8,60.3,5466.4,74.8,21712.6,16171.4,27.7,25.5,Fraunhofer Energy-Charts
PL,2025-01-02 15:00:00+00:00,-3.7,-1329.0,138.4,218.1,5379.9,7954.2,209.1,187.2,2557.0,57.0,407.7,689.0,60.3,5335.4,0.0,21927.8,16592.5,26.5,25.5,Fraunhofer Energy-Charts
PL,2025-01-02 15:15:00+00:00,-3.8,-1329.0,138.6,218.5,5403.3,8072.7,208.1,187.0,2605.0,81.6,446.5,689.0,60.4,5174.8,0.0,21993.3,16818.5,25.8,24.8,Fraunhofer Energy-Charts
PL,2025-01-02 15:30:00+00:00,-3.8,-1329.0,138.6,220.2,5544.6,8152.3,208.8,187.0,2609.1,67.1,445.8,690.1,60.4,5035.5,0.0,21922.9,16887.4,25.2,24.1,Fraunhofer Energy-Charts
PL,2025-01-02 15:45:00+00:00,-3.8,-1329.0,138.4,217.6,5584.7,8114.3,211.1,186.6,2702.0,104.5,566.3,690.7,60.5,4928.2,0.0,21973.8,17045.6,24.8,23.8,Fraunhofer Energy-Charts
PL,2025-01-02 16:00:00+00:00,-3.8,-1964.6,144.7,217.5,5763.0,7990.9,208.8,187.0,2813.1,203.6,827.7,690.1,60.5,4710.2,0.0,21985.4,17275.1,24.3,23.2,Fraunhofer Energy-Charts
PL,2025-01-02 16:15:00+00:00,-4.0,-1964.6,144.5,216.9,5767.9,8070.2,208.2,186.1,2830.6,204.4,825.8,692.1,60.6,4637.7,0.0,21845.0,17207.2,24.1,22.9,Fraunhofer Energy-Charts
PL,2025-01-02 16:30:00+00:00,-3.8,-1964.6,144.6,219.2,5701.9,8117.5,209.0,184.8,2809.1,204.1,873.7,691.4,60.6,4616.6,0.0,21845.5,17229.0,24.0,22.8,Fraunhofer Energy-Charts
PL,2025-01-02 16:45:00+00:00,-3.8,-1964.6,144.8,218.4,5760.8,8240.0,206.0,181.6,2696.4,224.2,869.9,685.4,60.1,4506.8,0.0,21582.2,17075.4,23.9,22.5,Fraunhofer Energy-Charts
PL,2025-01-02 17:00:00+00:00,-3.8,-1890.2,146.4,220.2,5717.8,8101.6,206.0,182.9,2665.5,224.8,872.9,682.8,60.0,4434.1,0.0,21438.5,17004.4,23.7,22.5,Fraunhofer Energy-Charts
PL,2025-01-02 17:15:00+00:00,-3.9,-1890.2,146.5,218.9,5811.5,8354.2,206.1,181.3,2696.7,224.6,738.1,688.6,60.5,4251.8,0.0,21591.9,17340.1,22.7,21.5,Fraunhofer Energy-Charts
PL,2025-01-02 17:30:00+00:00,-3.8,-1890.2,146.3,218.6,5796.7,8312.6,208.1,178.9,2673.5,224.8,737.4,691.1,60.7,4271.5,0.0,21449.6,17178.1,22.9,21.6,Fraunhofer Energy-Charts
PL,2025-01-02 17:45:00+00:00,-3.8,-1890.2,146.0,219.5,5778.9,8240.5,209.8,177.8,2673.7,225.0,731.6,691.1,60.6,4192.2,0.0,21452.5,17260.3,22.6,21.4,Fraunhofer Energy-Charts
PL,2025-01-02 18:00:00+00:00,-3.6,-1513.7,142.7,217.8,5727.2,8241.3,209.6,177.4,2527.2,184.0,591.6,685.4,60.1,4080.2,0.0,21307.1,17226.9,22.0,21.1,Fraunhofer Energy-Charts
PL,2025-01-02 18:15:00+00:00,-3.8,-1513.7,143.0,219.0,5762.3,8378.3,211.5,179.7,2462.8,183.3,571.2,687.1,60.3,4101.9,0.0,21277.2,17175.4,22.1,21.0,Fraunhofer Energy-Charts
PL,2025-01-02 18:30:00+00:00,-3.8,-1513.7,142.9,218.7,5724.7,8409.1,211.3,180.1,2452.1,183.5,571.2,687.3,60.3,4103.7,0.0,21355.6,17252.0,22.1,21.0,Fraunhofer Energy-Charts
PL,2025-01-02 18:45:00+00:00,-3.8,-1513.7,142.8,219.1,5731.0,8379.3,212.0,178.6,2387.7,183.5,566.5,683.5,60.0,4072.1,0.0,21101.9,17029.8,22.2,21.0,Fraunhofer Energy-Charts
PL,2025-01-02 19:00:00+00:00,-3.9,-1600.5,119.4,219.3,5868.8,8548.5,210.3,176.0,2670.3,62.7,213.2,681.9,60.2,4001.9,0.0,21150.4,17148.4,21.1,19.7,Fraunhofer Energy-Charts
PL,2025-01-02 19:15:00+00:00,-4.0,-1600.5,119.4,218.1,5809.4,8402.1,210.0,177.0,2630.6,37.0,136.7,685.6,60.5,3933.6,0.0,20803.5,16869.9,21.0,19.6,Fraunhofer Energy-Charts
PL,2025-01-02 19:30:00+00:00,-3.9,-1600.5,119.3,217.4,5742.6,8465.9,209.6,179.3,2576.7,37.0,141.6,682.6,60.3,3843.9,0.0,20742.8,16898.8,20.6,19.3,Fraunhofer Energy-Charts
PL,2025-01-02 19:45:00+00:00,-3.8,-1600.5,119.6,216.7,5668.1,8393.4,211.0,178.5,2553.4,37.0,0.0,676.9,59.7,3936.8,0.0,20237.2,16300.3,21.6,19.8,Fraunhofer Energy-Charts
PL,2025-01-02 20:00:00+00:00,-4.0,-1643.2,105.1,218.8,5612.5,8088.6,210.5,178.4,2592.3,32.3,0.0,680.2,59.9,3933.9,0.0,19938.6,16004.6,21.8,20.0,Fraunhofer Energy-Charts
PL,2025-01-02 20:15:00+00:00,-3.8,-1643.2,105.9,218.7,5560.9,7776.0,210.4,178.2,2365.4,32.3,0.0,678.1,59.8,3935.6,0.0,19577.7,15642.1,22.2,20.6,Fraunhofer Energy-Charts
PL,2025-01-02 20:30:00+00:00,-3.8,-1643.2,105.3,219.1,5745.0,6953.0,209.3,176.4,2232.4,32.3,0.0,676.2,59.7,3969.9,0.0,19222.7,15252.8,22.8,21.5,Fraunhofer Energy-Charts
PL,2025-01-02 20:45:00+00:00,-3.8,-1643.2,105.3,219.0,5780.8,6708.6,209.5,173.9,2175.6,32.3,0.0,665.1,58.9,3994.8,0.0,18630.7,14636.0,23.7,21.9,Fraunhofer Energy-Charts
PL,2025-01-02 21:00:00+00:00,-3.8,-2022.7,103.4,218.9,5762.4,7248.0,209.5,174.8,2568.1,31.6,0.0,668.1,59.5,4091.2,0.0,18682.7,14591.5,24.1,21.3,Fraunhofer Energy-Charts
PL,2025-01-02 21:15:00+00:00,-3.8,-2022.7,103.4,218.1,5368.7,7122.3,211.4,177.8,2493.0,31.6,0.0,668.0,59.4,4205.7,0.0,18454.1,14248.4,25.0,22.4,Fraunhofer Energy-Charts
PL,2025-01-02 21:30:00+00:00,-4.0,-2022.7,103.4,219.5,4975.3,7006.8,210.6,180.1,2504.2,31.6,0.0,668.7,59.5,4344.6,0.0,18293.1,13948.4,26.0,23.4,Fraunhofer Energy-Charts
PL,2025-01-02 21:45:00+00:00,-4.0,-2022.7,103.5,217.5,4750.8,6765.5,207.1,179.4,2505.2,31.6,0.0,666.4,59.3,4395.7,0.0,17712.5,13316.8,27.1,24.2,Fraunhofer Energy-Charts
PL,2025-01-02 22:00:00+00:00,-3.8,-2039.2,103.3,217.4,4319.1,6761.0,209.2,181.3,2473.8,31.6,0.0,662.0,58.9,4551.5,0.0,17438.4,12886.9,28.5,25.4,Fraunhofer Energy-Charts
PL,2025-01-02 22:15:00+00:00,-3.8,-2039.2,103.5,217.9,3932.6,6690.5,211.3,182.0,2471.4,31.6,0.0,662.3,59.0,4653.6,0.0,17259.9,12606.3,29.3,26.4,Fraunhofer Energy-Charts
PL,2025-01-02 22:30:00+00:00,-4.0,-2039.2,103.5,216.9,3883.3,6405.3,210.1,185.1,2376.0,31.6,0.0,663.3,59.1,4670.6,0.0,16867.5,12196.9,30.1,27.0,Fraunhofer Energy-Charts
PL,2025-01-02 22:45:00+00:00,-3.8,-2039.2,103.4,213.3,3784.6,6168.8,211.5,187.9,2352.8,31.6,0.0,669.5,59.3,4801.9,0.0,16651.3,11849.4,31.3,28.0,Fraunhofer Energy-Charts
PL,2025-01-02 23:00:00+00:00,-66.8,-1469.1,103.5,216.3,3572.1,5647.3,210.2,186.9,2076.7,31.6,0.0,671.1,59.6,4919.8,0.0,16249.1,11329.3,32.8,30.1,Fraunhofer Energy-Charts
PL,2025-01-02 23:15:00+00:00,-130.0,-1469.1,104.0,217.6,3483.5,5772.7,209.7,183.9,2082.6,31.6,0.0,670.9,59.5,5121.0,0.0,16032.9,10911.9,34.5,30.9,Fraunhofer Energy-Charts
PL,2025-01-02 23:30:00+00:00,-263.8,-1469.1,104.1,218.3,3458.5,5605.9,209.6,181.4,2059.2,31.6,0.0,668.2,59.3,5069.5,0.0,15884.3,10814.8,34.5,31.0,Fraunhofer Energy-Charts
PL,2025-01-02 23:45:00+00:00,-605.2,-1469.1,103.8,218.7,3639.5,5631.2,208.7,179.1,2061.2,31.6,0.0,667.5,59.4,5050.8,0.0,15649.3,10598.5,34.9,30.6,Fraunhofer Energy-Charts
PL,2025-01-03 00:00:00+00:00,-605.3,-1643.0,103.7,219.1,3616.2,5622.4,208.4,180.7,2043.5,31.6,0.0,660.2,58.9,5212.4,0.0,15624.4,10412.0,36.0,31.3,Fraunhofer Energy-Charts
PL,2025-01-03 00:15:00+00:00,-606.8,-1643.0,104.1,218.6,3537.7,5423.5,208.9,181.1,2045.8,31.6,0.0,661.4,59.0,5129.5,0.0,15338.9,10209.5,36.1,31.5,Fraunhofer Energy-Charts
PL,2025-01-03 00:30:00+00:00,-606.9,-1643.0,104.0,218.2,3473.8,5382.8,208.4,179.1,2044.0,31.6,0.0,660.6,58.9,5316.0,0.0,15478.5,10162.5,37.0,32.4,Fraunhofer Energy-Charts
PL,2025-01-03 00:45:00+00:00,-821.8,-1643.0,103.8,217.4,3514.7,5435.4,207.9,178.1,2045.7,31.6,0.0,655.5,58.4,5248.3,0.0,15264.9,10016.5,37.1,32.0,Fraunhofer Energy-Charts
PL,2025-01-03 01:00:00+00:00,-821.5,-1725.0,103.6,219.7,3533.6,5465.7,207.2,177.0,1929.6,31.6,0.0,630.7,56.2,5400.9,0.0,15207.5,9806.6,38.2,32.7,Fraunhofer Energy-Charts
PL,2025-01-03 01:15:00+00:00,-822.2,-1725.0,103.6,219.5,3510.0,5457.6,206.7,178.1,1872.0,31.6,0.0,632.4,56.3,5404.2,0.0,15209.7,9805.5,38.2,32.9,Fraunhofer Energy-Charts
PL,2025-01-03 01:30:00+00:00,-822.0,-1725.0,103.6,219.1,3474.6,5390.8,207.4,177.8,1835.7,31.6,0.0,630.5,56.1,5494.4,0.0,15046.9,9552.5,39.2,33.5,Fraunhofer Energy-Charts
PL,2025-01-03 01:45:00+00:00,-820.9,-1725.0,103.8,218.1,3458.6,5385.3,206.6,177.9,1833.3,31.6,0.0,630.7,56.2,5742.6,0.0,15055.5,9312.9,40.9,34.5,Fraunhofer Energy-Charts
PL,2025-01-03 02:00:00+00:00,-820.1,-1931.8,103.6,219.3,3531.7,5436.3,206.7,177.2,1834.2,31.6,0.0,634.3,56.5,5773.4,0.0,15156.3,9382.9,40.8,34.3,Fraunhofer Energy-Charts
PL,2025-01-03 02:15:00+00:00,-820.8,-1931.8,103.8,219.5,3543.2,5382.3,206.6,174.4,1835.2,31.6,0.0,631.5,56.3,5808.4,0.0,14965.4,9157.0,41.6,34.6,Fraunhofer Energy-Charts
PL,2025-01-03 02:30:00+00:00,-820.1,-1931.8,103.5,219.0,3552.9,5378.7,206.1,173.9,1832.8,31.6,0.0,632.8,56.4,5801.5,0.0,15349.5,9548.0,40.5,34.5,Fraunhofer Energy-Charts
PL,2025-01-03 02:45:00+00:00,-819.8,-1931.8,103.9,217.9,3473.7,5386.4,204.7,174.5,1848.0,31.6,0.0,633.7,56.5,5751.5,0.0,15076.9,9325.4,40.9,34.5,Fraunhofer Energy-Charts
PL,2025-01-03 03:00:00+00:00,-817.4,-1541.7,103.7,216.7,3348.2,5366.9,202.7,177.6,1834.3,31.6,0.0,640.0,57.0,5732.2,0.0,15409.7,9677.4,39.9,34.7,Fraunhofer Energy-Charts
PL,2025-01-03 03:15:00+00:00,-816.6,-1541.7,103.7,215.9,3497.6,5427.8,202.2,177.8,1838.5,31.6,0.0,637.1,56.8,5642.2,0.0,15462.7,9820.5,39.1,33.9,Fraunhofer Energy-Charts
PL,2025-01-03 03:30:00+00:00,-816.6,-1541.7,103.4,215.9,3500.0,5430.0,204.0,180.4,1887.7,31.6,0.0,636.5,56.7,5660.5,0.0,15555.7,9895.2,39.0,33.9,Fraunhofer Energy-Charts
PL,2025-01-03 03:45:00+00:00,-817.1,-1541.7,103.3,218.2,3435.6,5425.0,204.2,182.4,1833.7,31.6,0.0,631.5,56.2,5783.6,0.0,15587.1,9803.5,39.7,34.6,Fraunhofer Energy-Charts
PL,2025-01-03 04:00:00+00:00,-817.8,-1154.6,103.5,219.5,3251.0,5376.6,204.6,184.2,2001.2,31.5,0.0,660.6,59.0,6031.7,0.0,16086.0,10054.3,40.1,35.6,Fraunhofer Energy-Charts
PL,2025-01-03 04:15:00+00:00,-816.0,-1154.6,103.8,219.2,3269.1,5408.4,205.0,187.5,2070.1,31.5,0.0,664.7,59.3,6002.3,0.0,16256.5,10254.3,39.5,35.2,Fraunhofer Energy-Charts
PL,2025-01-03 04:30:00+00:00,-684.1,-1154.6,103.6,218.4,3398.2,5418.4,204.5,189.8,2085.1,31.5,0.0,661.0,59.0,5942.0,0.0,16335.4,10393.3,38.9,34.7,Fraunhofer Energy-Charts
PL,2025-01-03 04:45:00+00:00,-552.3,-1154.6,103.4,218.0,3541.6,5496.0,203.8,190.4,1956.4,31.5,0.0,672.1,59.8,5983.6,0.0,16935.2,10951.6,37.8,34.7,Fraunhofer Energy-Charts
PL,2025-01-03 05:00:00+00:00,-188.2,-768.9,112.8,218.0,3738.3,5621.9,203.9,191.1,2024.6,34.7,0.0,676.7,60.2,5862.3,0.0,18099.9,12237.6,34.7,33.5,Fraunhofer Energy-Charts
PL,2025-01-03 05:15:00+00:00,-4.0,-768.9,112.8,218.3,3989.3,5954.6,204.4,193.5,2046.8,34.7,0.0,675.5,60.0,5680.1,0.0,18395.7,12715.6,33.2,31.9,Fraunhofer Energy-Charts
PL,2025-01-03 05:30:00+00:00,-4.0,-768.9,112.9,219.9,4069.2,6323.6,205.4,191.8,2336.1,34.7,0.0,675.0,60.1,5606.3,0.0,18809.0,13202.7,32.1,30.4,Fraunhofer Energy-Charts
PL,2025-01-03 05:45:00+00:00,-4.0,-768.9,112.8,219.7,4403.1,6619.3,205.6,195.6,2064.9,34.7,0.0,666.6,59.3,5542.8,0.0,19249.6,13706.8,31.0,29.7,Fraunhofer Energy-Charts
PL,2025-01-03 06:00:00+00:00,-4.0,-782.5,135.5,218.8,4677.2,6593.0,202.9,199.7,2084.1,42.4,106.0,673.6,59.7,5654.6,0.0,19662.5,14007.9,31.1,29.7,Fraunhofer Energy-Charts
PL,2025-01-03 06:15:00+00:00,-3.8,-782.5,135.5,219.1,4836.7,6612.6,203.3,202.0,2089.0,42.4,107.0,679.9,60.3,5709.9,0.1,19878.0,14167.9,31.0,29.7,Fraunhofer Energy-Charts
PL,2025-01-03 06:30:00+00:00,-3.8,-782.5,135.5,218.4,5002.8,6282.8,203.7,202.9,2092.5,42.4,107.0,677.9,60.1,5753.6,11.1,20036.9,14272.2,31.0,30.1,Fraunhofer Energy-Charts
PL,2025-01-03 06:45:00+00:00,-3.3,-782.5,135.5,219.0,5197.3,6335.9,204.0,203.6,2088.9,42.4,106.0,674.9,59.8,5813.5,25.2,20235.2,14396.5,31.1,30.0,Fraunhofer Energy-Charts
PL,2025-01-03 07:00:00+00:00,-3.3,-978.6,138.6,217.6,5245.2,6643.6,199.2,199.5,2178.6,63.8,122.4,667.6,59.2,5790.2,107.7,20648.8,14750.9,30.9,29.6,Fraunhofer Energy-Charts
PL,2025-01-03 07:15:00+00:00,-3.3,-978.6,138.2,218.5,5303.8,6765.2,201.2,197.7,2133.5,63.9,122.5,676.9,60.0,5710.0,149.5,20734.5,14874.9,30.6,29.3,Fraunhofer Energy-Charts
PL,2025-01-03 07:30:00+00:00,-3.3,-978.6,138.4,218.4,5306.6,6732.3,200.0,195.5,2179.6,64.0,122.5,677.4,60.1,5805.0,208.9,20868.9,14855.0,31.1,29.8,Fraunhofer Energy-Charts
PL,2025-01-03 07:45:00+00:00,-3.8,-978.6,138.3,218.1,5301.2,6965.1,207.4,193.5,2111.1,63.7,123.5,677.5,60.0,5857.5,325.1,21222.3,15039.7,31.4,30.1,Fraunhofer Energy-Charts
PL,2025-01-03 08:00:00+00:00,-3.8,-1283.0,132.6,219.3,5335.1,7096.4,204.6,194.3,2339.5,61.7,16.3,674.6,59.8,5973.2,474.6,21368.4,14920.6,32.4,30.4,Fraunhofer Energy-Charts
PL,2025-01-03 08:15:00+00:00,-3.8,-1283.0,132.2,219.0,5426.7,6969.1,195.0,193.1,2363.1,41.4,0.0,666.5,59.1,6047.8,645.2,21477.7,14784.7,33.3,31.1,Fraunhofer Energy-Charts
PL,2025-01-03 08:30:00+00:00,-3.7,-1283.0,132.5,218.6,5292.4,7043.7,194.5,190.4,2242.2,41.4,0.0,679.8,60.3,5984.3,796.3,21569.2,14788.6,33.5,31.6,Fraunhofer Energy-Charts
PL,2025-01-03 08:45:00+00:00,-3.9,-1283.0,132.3,219.2,5122.1,6926.5,195.2,188.0,2242.8,41.4,0.0,674.7,59.9,6170.0,967.0,21580.5,14443.5,35.2,33.1,Fraunhofer Energy-Charts
PL,2025-01-03 09:00:00+00:00,-3.3,-1183.7,122.4,218.4,4732.8,6878.5,196.8,189.3,2194.3,90.5,0.0,665.0,58.9,6193.3,1213.9,21516.0,14108.7,36.7,34.7,Fraunhofer Energy-Charts
PL,2025-01-03 09:15:00+00:00,-4.0,-1183.7,122.5,218.3,4634.8,6850.1,197.7,179.8,2283.1,67.9,0.0,659.7,58.4,6196.9,1446.3,21877.3,14234.2,37.1,35.4,Fraunhofer Energy-Charts
PL,2025-01-03 09:30:00+00:00,-3.8,-1183.7,122.8,219.1,4672.0,6873.5,199.2,186.5,2304.1,58.7,0.0,658.2,58.3,6258.8,1403.7,21858.6,14196.1,37.2,35.3,Fraunhofer Energy-Charts
PL,2025-01-03 09:45:00+00:00,-3.8,-1183.7,122.8,217.3,4538.1,6630.0,198.6,184.0,2241.4,58.5,0.0,650.9,57.9,6553.1,1536.3,21946.9,13857.5,38.9,37.2,Fraunhofer Energy-Charts
PL,2025-01-03 10:00:00+00:00,-2.3,-1607.0,116.3,218.5,4604.0,6732.0,197.1,185.8,2237.3,56.4,0.0,644.4,57.2,6730.8,1720.0,22294.5,13843.8,39.9,37.9,Fraunhofer Energy-Charts
PL,2025-01-03 10:15:00+00:00,-3.3,-1607.0,116.0,218.2,4452.7,6759.9,198.3,185.9,2214.6,35.8,0.0,647.4,57.4,6771.5,1639.0,21899.6,13489.1,40.4,37.9,Fraunhofer Energy-Charts
PL,2025-01-03 10:30:00+00:00,-3.0,-1607.0,115.9,217.7,4527.8,6515.6,199.6,187.2,2229.7,35.8,0.0,649.3,57.6,6736.0,1743.2,21995.6,13516.4,40.5,38.4,Fraunhofer Energy-Charts
PL,2025-01-03 10:45:00+00:00,-2.9,-1607.0,116.0,218.0,4384.0,6614.7,197.1,188.5,2230.8,35.8,0.0,647.7,57.4,6855.1,2046.5,22150.6,13248.9,42.1,39.5,Fraunhofer Energy-Charts
PL,2025-01-03 11:00:00+00:00,-3.2,-2092.4,116.2,217.3,4672.2,6907.4,197.7,187.4,2372.3,46.6,0.0,649.3,57.5,6899.6,1737.5,22046.5,13409.3,41.2,37.7,Fraunhofer Energy-Charts
PL,2025-01-03 11:15:00+00:00,-3.0,-2092.4,116.2,216.8,4621.0,6693.7,199.4,186.3,2331.0,46.5,0.0,645.9,57.2,6979.5,1787.4,22247.2,13480.4,41.4,38.5,Fraunhofer Energy-Charts
PL,2025-01-03 11:30:00+00:00,-3.0,-2092.4,115.9,218.3,4794.7,6580.3,198.9,185.4,2368.6,46.5,0.0,644.9,57.2,7050.8,1822.6,22312.8,13439.4,41.7,38.7,Fraunhofer Energy-Charts
PL,2025-01-03 11:45:00+00:00,-3.0,-2092.4,116.0,218.4,4892.3,6750.9,198.7,185.5,2341.5,46.5,0.0,647.6,57.4,7122.3,1645.1,22367.7,13600.3,41.2,38.0,Fraunhofer Energy-Charts
PL,2025-01-03 12:00:00+00:00,-2.7,-1993.9,116.2,217.2,4946.8,6677.8,198.5,186.5,2447.7,46.6,0.0,651.3,57.7,7319.6,1577.3,22663.0,13766.1,41.2,38.2,Fraunhofer Energy-Charts
PL,2025-01-03 12:15:00+00:00,-3.8,-1993.9,116.1,218.3,4878.5,6978.2,199.0,183.3,2434.8,47.0,0.0,650.1,57.6,7397.4,1620.0,22824.1,13806.6,41.4,38.2,Fraunhofer Energy-Charts
PL,2025-01-03 12:30:00+00:00,-2.7,-1993.9,116.4,218.1,4924.6,6880.8,201.4,180.3,2490.8,56.7,0.0,651.8,57.8,7296.0,1580.5,22460.9,13584.3,41.5,37.8,Fraunhofer Energy-Charts
PL,2025-01-03 12:45:00+00:00,-3.3,-1993.9,116.3,218.3,4699.6,6799.0,201.5,177.5,2425.5,46.5,162.1,654.1,58.0,7310.8,1090.6,21804.6,13403.1,40.5,37.1,Fraunhofer Energy-Charts
PL,2025-01-03 13:00:00+00:00,-3.5,-2081.2,117.7,218.8,4807.6,6924.4,203.6,177.7,2288.4,57.1,162.5,662.3,58.7,7511.5,951.0,22139.2,13676.7,40.3,37.2,Fraunhofer Energy-Charts
PL,2025-01-03 13:15:00+00:00,-3.8,-2081.2,117.4,218.8,4856.8,7090.9,203.4,175.6,2327.8,57.2,162.7,668.3,59.3,7456.9,724.6,22297.4,14115.9,38.7,36.0,Fraunhofer Energy-Charts
PL,2025-01-03 13:30:00+00:00,-4.0,-2081.2,117.7,218.1,4874.6,7078.5,203.6,174.8,2350.1,57.1,320.4,668.5,59.3,7393.0,514.1,22002.2,14095.1,38.0,35.3,Fraunhofer Energy-Charts
PL,2025-01-03 13:45:00+00:00,-3.8,-2081.2,118.0,218.1,4985.5,6952.8,204.6,173.7,2285.6,57.1,319.9,668.9,59.3,7713.4,309.8,21898.9,13875.7,38.7,35.7,Fraunhofer Energy-Charts
PL,2025-01-03 14:00:00+00:00,-3.8,-1906.8,122.9,218.5,4888.0,6827.6,204.4,174.1,2085.2,58.9,430.2,673.0,59.7,7769.8,246.2,21946.9,13930.9,38.6,36.3,Fraunhofer Energy-Charts
PL,2025-01-03 14:15:00+00:00,-3.8,-1906.8,122.8,220.6,4829.8,6996.1,204.5,173.1,2223.2,58.9,430.2,676.9,60.1,7812.0,152.0,22046.7,14082.7,38.2,35.8,Fraunhofer Energy-Charts
PL,2025-01-03 14:30:00+00:00,-3.6,-1906.8,122.7,218.8,4826.6,7056.1,203.7,172.5,2224.6,58.9,430.3,673.1,59.8,8000.8,92.3,22163.7,14070.7,38.6,36.1,Fraunhofer Energy-Charts
PL,2025-01-03 14:45:00+00:00,-3.8,-1906.8,122.8,218.4,4827.2,7254.1,205.8,174.6,2186.1,69.0,429.9,678.4,60.2,8160.6,95.0,22376.5,14120.9,39.0,36.3,Fraunhofer Energy-Charts
PL,2025-01-03 15:00:00+00:00,-3.2,-1800.4,138.0,217.5,4646.1,7157.1,205.5,177.6,2072.2,85.2,729.6,684.0,60.7,8105.9,0.0,22403.8,14297.9,38.4,36.5,Fraunhofer Energy-Charts
PL,2025-01-03 15:15:00+00:00,-3.3,-1800.4,137.8,218.9,4884.1,6918.4,204.7,175.6,1930.1,65.2,727.1,676.4,60.1,8120.0,0.0,22384.7,14264.7,38.4,36.8,Fraunhofer Energy-Charts
PL,2025-01-03 15:30:00+00:00,-3.0,-1800.4,137.4,217.7,5038.9,6815.7,203.3,179.2,2092.5,85.1,728.2,680.0,60.4,8139.0,0.0,22498.2,14359.2,38.4,36.5,Fraunhofer Energy-Charts
PL,2025-01-03 15:45:00+00:00,-3.0,-1800.4,137.5,217.8,5024.4,6932.1,203.3,178.0,1973.3,85.3,728.1,675.6,60.0,8210.5,0.0,22618.6,14408.1,38.5,36.8,Fraunhofer Energy-Charts
PL,2025-01-03 16:00:00+00:00,-2.5,-2428.2,146.4,218.9,5152.6,7216.8,204.4,178.3,2037.0,133.1,726.6,678.1,60.3,8186.8,0.0,22341.7,14154.9,39.1,36.1,Fraunhofer Energy-Charts
PL,2025-01-03 16:15:00+00:00,-2.5,-2428.2,146.6,216.7,5145.1,7183.0,204.3,177.5,2064.7,133.0,727.8,676.3,60.1,8174.6,0.0,22344.5,14169.8,39.1,36.1,Fraunhofer Energy-Charts
PL,2025-01-03 16:30:00+00:00,-2.3,-2428.2,146.3,219.5,5230.3,7125.4,204.8,176.8,2012.1,132.9,727.0,676.3,60.1,8089.6,0.0,22334.4,14244.7,38.7,35.9,Fraunhofer Energy-Charts
PL,2025-01-03 16:45:00+00:00,-3.8,-2428.2,146.5,218.7,5220.8,6996.0,203.9,175.2,1950.1,133.0,725.1,672.5,59.7,8045.7,0.0,21891.4,13845.7,39.3,36.1,Fraunhofer Energy-Charts
PL,2025-01-03 17:00:00+00:00,-3.8,-2682.7,148.2,216.3,5263.6,7106.5,204.1,174.8,1943.6,92.6,661.8,672.4,59.7,8129.8,0.0,21797.4,13667.6,39.7,36.0,Fraunhofer Energy-Charts
PL,2025-01-03 17:15:00+00:00,-3.8,-2682.7,148.3,218.6,5186.9,7350.7,205.8,174.8,1950.6,92.8,427.1,672.8,59.8,8229.8,0.0,21909.3,13679.5,39.9,36.0,Fraunhofer Energy-Charts
PL,2025-01-03 17:30:00+00:00,-4.0,-2682.7,148.5,218.6,5186.0,7240.1,207.5,175.4,1935.5,92.7,422.3,673.6,59.9,8261.5,0.0,22003.6,13742.1,39.9,36.3,Fraunhofer Energy-Charts
PL,2025-01-03 17:45:00+00:00,-4.0,-2682.7,147.8,218.0,5250.0,7206.5,206.9,173.4,1941.0,92.7,408.4,669.0,59.5,8344.1,0.0,21952.4,13608.3,40.4,36.5,Fraunhofer Energy-Charts
PL,2025-01-03 18:00:00+00:00,-3.8,-2545.7,136.5,218.0,5258.5,7173.5,206.8,173.4,2100.8,42.7,0.0,670.1,59.5,8340.2,0.0,21858.0,13517.8,40.2,36.1,Fraunhofer Energy-Charts
PL,2025-01-03 18:15:00+00:00,-3.7,-2545.7,136.6,218.9,5303.9,7088.5,209.4,174.8,2109.9,42.7,0.0,670.7,59.5,8221.4,0.0,21781.8,13560.5,39.8,35.8,Fraunhofer Energy-Charts
PL,2025-01-03 18:30:00+00:00,-3.8,-2545.7,136.4,217.6,5305.4,7055.5,208.6,177.0,2105.1,42.7,0.0,669.1,59.4,8174.1,0.0,21603.3,13429.2,39.9,35.7,Fraunhofer Energy-Charts
PL,2025-01-03 18:45:00+00:00,-3.8,-2545.7,136.4,220.5,5309.9,6931.7,206.9,178.3,2026.5,42.7,0.0,678.6,60.3,8120.2,0.0,21399.4,13279.2,40.1,35.9,Fraunhofer Energy-Charts
PL,2025-01-03 19:00:00+00:00,-3.8,-2182.1,124.3,218.0,5116.4,6680.1,204.9,179.3,1936.2,38.6,0.0,671.6,59.7,8188.1,0.0,21335.5,13147.5,40.4,36.8,Fraunhofer Energy-Charts
PL,2025-01-03 19:15:00+00:00,-4.0,-2182.1,124.9,218.0,4995.6,6666.0,204.5,180.4,1932.0,38.6,0.0,676.4,60.1,8320.7,0.0,21210.5,12889.8,41.3,37.4,Fraunhofer Energy-Charts
PL,2025-01-03 19:30:00+00:00,-4.0,-2182.1,124.3,219.5,4842.6,6677.1,205.1,181.6,1934.7,38.6,0.0,679.8,60.4,8323.6,0.0,21050.3,12726.7,41.6,37.6,Fraunhofer Energy-Charts
PL,2025-01-03 19:45:00+00:00,-3.8,-2182.1,124.6,217.4,4641.9,6668.9,208.1,180.2,1885.3,38.6,0.0,675.1,60.0,8163.5,0.0,20669.9,12506.4,41.6,37.6,Fraunhofer Energy-Charts
PL,2025-01-03 20:00:00+00:00,-3.8,-2622.2,106.4,216.7,4672.5,6893.6,210.0,178.6,2055.7,32.5,0.0,673.3,59.7,8211.4,0.0,20353.1,12141.7,42.4,37.0,Fraunhofer Energy-Charts
PL,2025-01-03 20:15:00+00:00,-4.0,-2622.2,106.4,212.3,4334.9,6787.3,209.0,177.6,1837.7,32.5,0.0,676.1,60.0,8141.8,0.0,20140.3,11998.5,42.5,37.9,Fraunhofer Energy-Charts
PL,2025-01-03 20:30:00+00:00,-4.5,-2622.2,106.5,215.8,3986.9,6773.7,211.5,173.8,1838.0,32.5,0.0,677.7,60.2,8196.0,0.0,19692.5,11496.5,43.7,38.7,Fraunhofer Energy-Charts
PL,2025-01-03 20:45:00+00:00,-35.1,-2622.2,106.5,213.5,3493.6,6634.6,212.1,174.1,1846.5,32.5,0.0,677.9,60.2,8359.9,0.0,19253.3,10893.4,45.6,40.2,Fraunhofer Energy-Charts
PL,2025-01-03 21:00:00+00:00,-38.7,-2042.6,104.4,213.8,3272.5,6288.7,210.3,174.6,1985.7,31.9,0.0,672.0,59.5,8356.7,0.0,19230.3,10873.6,45.6,41.0,Fraunhofer Energy-Charts
PL,2025-01-03 21:15:00+00:00,-38.9,-2042.6,104.4,212.9,3183.1,5892.8,211.3,175.7,1983.6,31.9,0.0,679.0,60.2,8258.3,0.0,18974.7,10716.4,45.7,41.7,Fraunhofer Energy-Charts
PL,2025-01-03 21:30:00+00:00,-39.2,-2042.6,104.7,211.2,3139.3,5883.5,211.8,180.9,2002.3,31.9,0.0,679.8,60.5,8141.2,0.0,18639.6,10498.3,45.9,41.4,Fraunhofer Energy-Charts
PL,2025-01-03 21:45:00+00:00,-39.4,-2042.6,104.6,212.0,3115.0,5566.1,212.2,180.5,1995.5,31.9,0.0,680.1,60.5,8216.2,0.0,18396.5,10180.3,46.9,42.3,Fraunhofer Energy-Charts
PL,2025-01-03 22:00:00+00:00,-40.2,-2596.5,104.6,212.0,3403.5,5795.5,210.9,177.5,2030.4,31.8,0.0,647.9,57.6,8100.8,0.0,18093.5,9992.7,47.0,41.0,Fraunhofer Energy-Charts
PL,2025-01-03 22:15:00+00:00,-40.5,-2596.5,104.3,213.6,3071.8,5687.2,211.0,180.4,2025.1,31.8,0.0,650.2,57.7,8078.1,0.0,17718.1,9640.1,47.9,41.8,Fraunhofer Energy-Charts
PL,2025-01-03 22:30:00+00:00,-40.4,-2596.5,104.3,213.1,2945.6,5617.3,211.1,176.5,2020.8,31.8,0.0,648.6,57.8,8155.6,0.0,17477.2,9321.6,49.0,42.4,Fraunhofer Energy-Charts
PL,2025-01-03 22:45:00+00:00,-178.6,-2596.5,104.4,211.9,2833.4,5537.6,211.4,177.8,2003.7,31.8,0.0,643.5,57.3,8073.1,0.0,17013.1,8940.0,49.8,42.6,Fraunhofer Energy-Charts
