zone,timestamp_utc,hydro_pumped_storage_consumption,cross_border_electricity_trading,hydro_run-of-river,biomass,fossil_brown_coal___lignite,fossil_hard_coal,fossil_oil,fossil_coal-derived_gas,fossil_gas,geothermal,hydro_water_reservoir,hydro_pumped_storage,others,waste,wind_offshore,wind_onshore,solar,load,residual_load,renewable_share_of_load,renewable_share_of_generation,source
DE_LU,2024-12-31 23:00:00+00:00,-720.5,-11166.1,1587.4,4075.3,3267.6,2887.9,382.1,668.7,4121.1,23.0,108.6,453.1,211.7,1120.0,2403.3,32103.5,0.0,48412.1,13905.2,84.3,77.1,Fraunhofer Energy-Charts
DE_LU,2024-12-31 23:15:00+00:00,-828.9,-11166.1,1601.1,3943.3,3281.4,2626.1,382.2,568.0,4107.2,23.0,160.7,838.4,211.7,1119.7,2588.6,31965.5,0.0,47534.7,12980.6,85.9,77.6,Fraunhofer Energy-Charts
DE_LU,2024-12-31 23:30:00+00:00,-940.4,-10936.5,1600.7,3882.6,3278.1,2600.2,382.2,567.1,4068.3,23.0,75.1,435.4,211.8,1119.9,2529.9,31964.1,0.0,47573.4,13079.5,85.4,77.6,Fraunhofer Energy-Charts
DE_LU,2024-12-31 23:45:00+00:00,-979.7,-10936.5,1629.3,3854.1,3309.5,2587.5,382.2,579.2,4123.2,23.0,58.1,105.9,211.7,1121.5,2438.1,32025.2,0.0,47446.9,12983.5,85.5,77.5,Fraunhofer Energy-Charts
DE_LU,2025-01-01 00:00:00+00:00,-658.1,-12252.4,1603.3,3919.8,3848.7,2580.4,382.2,570.7,3942.6,23.2,58.5,367.0,211.6,1126.0,2241.6,32378.0,0.0,47200.3,12580.6,86.4,77.1,Fraunhofer Energy-Charts
DE_LU,2025-01-01 00:15:00+00:00,-856.8,-12252.4,1569.5,3870.1,3874.1,2599.1,382.2,560.2,3702.3,23.1,30.2,84.9,211.6,1114.8,2497.8,32608.7,0.0,46926.8,11820.3,87.6,77.5,Fraunhofer Energy-Charts
DE_LU,2025-01-01 00:30:00+00:00,-1319.7,-12237.3,1590.1,3866.5,3701.2,2591.7,382.2,567.5,3684.1,23.1,55.5,124.7,211.5,1127.5,2398.8,32755.8,0.0,46816.4,11661.8,88.1,77.9,Fraunhofer Energy-Charts
DE_LU,2025-01-01 00:45:00+00:00,-1566.6,-12237.3,1608.2,3870.5,3600.3,2597.0,382.2,581.0,3813.9,23.1,55.4,0.3,211.5,1126.6,2396.2,32825.6,0.0,46525.8,11304.0,88.8,77.8,Fraunhofer Energy-Charts
DE_LU,2025-01-01 01:00:00+00:00,-1625.8,-10352.9,1575.9,3832.8,3324.3,2595.5,382.2,564.1,3662.3,23.1,35.1,3.8,211.5,1120.2,2663.3,32888.4,0.0,46239.0,10687.2,89.9,78.6,Fraunhofer Energy-Charts
DE_LU,2025-01-01 01:15:00+00:00,-2103.8,-10352.9,1563.4,3858.8,3270.7,2599.0,382.2,532.4,3705.5,23.1,17.3,0.2,211.9,1119.6,2651.0,33024.4,0.0,45860.0,10184.6,90.9,78.7,Fraunhofer Energy-Charts
DE_LU,2025-01-01 01:30:00+00:00,-2521.5,-9978.0,1588.9,3857.1,3280.9,2587.1,382.1,543.0,3691.7,23.1,40.3,0.2,211.8,1123.5,2573.7,32817.7,0.0,45637.9,10246.5,90.8,78.6,Fraunhofer Energy-Charts
DE_LU,2025-01-01 01:45:00+00:00,-2749.0,-9939.9,1569.0,3870.8,3243.0,2579.0,382.1,513.1,3699.3,23.3,23.0,0.2,211.7,1120.9,2517.6,32800.1,0.0,45453.2,10135.5,90.9,78.7,Fraunhofer Energy-Charts
DE_LU,2025-01-01 02:00:00+00:00,-2226.0,-8998.3,1564.9,3867.5,3247.2,2586.2,382.1,502.7,3665.7,23.3,21.9,306.0,211.9,1108.6,1796.4,31864.4,0.0,44889.3,11228.6,88.4,78.0,Fraunhofer Energy-Charts
DE_LU,2025-01-01 02:15:00+00:00,-2531.3,-8993.8,1561.2,3862.4,3237.5,2522.7,382.2,488.4,3731.5,23.4,22.8,81.6,211.5,1111.8,1738.4,31755.0,0.0,44878.9,11385.6,88.0,78.0,Fraunhofer Energy-Charts
DE_LU,2025-01-01 02:30:00+00:00,-2773.6,-8836.2,1548.9,3846.9,3235.2,2471.7,382.2,490.6,3783.5,23.3,15.1,0.2,211.5,1118.1,1632.6,32071.1,0.0,44397.8,10694.1,89.4,78.0,Fraunhofer Energy-Charts
DE_LU,2025-01-01 02:45:00+00:00,-3049.1,-8832.4,1545.7,3854.3,3243.9,2482.8,382.1,496.2,3794.9,23.4,9.3,0.2,211.4,1116.9,1536.8,32370.1,0.0,44327.8,10420.9,89.9,78.1,Fraunhofer Energy-Charts
DE_LU,2025-01-01 03:00:00+00:00,-4082.6,-7935.8,1550.1,3848.9,3265.6,2471.6,382.1,487.8,3796.8,23.4,60.3,10.4,211.5,1104.2,1417.1,32202.1,0.0,43738.2,10119.0,90.6,78.0,Fraunhofer Energy-Charts
DE_LU,2025-01-01 03:15:00+00:00,-4682.1,-7981.2,1549.6,3833.0,3255.8,2482.4,382.2,475.9,3805.0,23.4,17.6,1.6,211.5,1122.9,1372.5,32088.4,0.0,43811.5,10350.6,90.0,77.9,Fraunhofer Energy-Charts
DE_LU,2025-01-01 03:30:00+00:00,-4746.9,-7816.6,1552.4,3822.8,3247.4,2465.9,382.2,467.4,3768.7,23.5,21.9,1.3,211.6,1121.0,1290.2,32239.1,8.7,43583.4,10045.4,90.6,78.0,Fraunhofer Energy-Charts
DE_LU,2025-01-01 03:45:00+00:00,-4753.3,-7810.6,1540.5,3821.9,3239.2,2430.1,382.2,465.5,3798.3,23.5,12.9,0.1,211.6,1117.0,1205.2,32456.9,8.6,43371.2,9700.5,91.3,78.1,Fraunhofer Energy-Charts
DE_LU,2025-01-01 04:00:00+00:00,-5098.7,-7680.1,1534.7,3815.0,3228.7,2293.6,382.2,469.1,3888.2,23.4,9.4,0.0,211.5,1131.8,1260.9,32570.8,9.2,43999.4,10158.5,90.4,78.2,Fraunhofer Energy-Charts
DE_LU,2025-01-01 04:15:00+00:00,-5187.1,-7680.4,1541.9,3826.5,3239.4,2277.7,382.2,470.8,3911.9,23.4,11.0,0.0,211.5,1121.9,1224.5,32599.7,8.4,43837.0,10004.4,90.7,78.2,Fraunhofer Energy-Charts
DE_LU,2025-01-01 04:30:00+00:00,-5207.9,-7750.5,1543.1,3837.4,3247.4,2292.7,382.2,462.3,3908.1,23.3,10.7,0.0,211.5,1122.5,1161.0,32766.6,8.4,43794.0,9857.9,91.1,78.2,Fraunhofer Energy-Charts
DE_LU,2025-01-01 04:45:00+00:00,-5156.0,-7746.4,1545.4,3853.6,3237.4,2300.1,382.2,462.4,3912.4,23.3,12.3,0.0,211.6,1114.4,982.8,32828.7,8.4,43724.1,9904.1,91.0,78.2,Fraunhofer Energy-Charts
DE_LU,2025-01-01 05:00:00+00:00,-4926.8,-9645.9,1545.7,3872.7,3257.1,2239.1,382.2,477.9,3901.8,23.1,44.7,19.0,209.8,1124.5,930.6,34530.7,9.9,43408.7,7937.5,95.6,79.0,Fraunhofer Energy-Charts
DE_LU,2025-01-01 05:15:00+00:00,-4966.0,-9647.2,1552.8,3867.9,3256.8,2203.1,382.2,468.1,3889.8,23.1,45.3,34.2,209.6,1117.5,1001.1,34457.6,10.0,43168.7,7700.0,96.1,79.1,Fraunhofer Energy-Charts
DE_LU,2025-01-01 05:30:00+00:00,-4906.5,-9715.1,1555.3,3860.7,3250.5,2113.2,382.2,452.6,3925.1,23.1,34.4,12.9,209.6,1111.8,1097.5,34407.6,10.1,43146.7,7631.5,96.2,79.2,Fraunhofer Energy-Charts
DE_LU,2025-01-01 05:45:00+00:00,-5008.4,-9728.2,1564.5,3878.0,3242.6,2093.6,382.2,464.9,3952.7,23.1,84.4,1.5,209.6,1126.2,1098.2,34653.4,10.2,42979.3,7217.5,97.4,79.3,Fraunhofer Energy-Charts
DE_LU,2025-01-01 06:00:00+00:00,-3272.0,-11681.8,1576.4,3911.7,3292.8,1980.4,382.2,455.6,3937.2,23.1,181.9,322.8,209.6,1122.5,1251.4,35027.4,10.3,43201.8,6912.7,98.4,79.7,Fraunhofer Energy-Charts
DE_LU,2025-01-01 06:15:00+00:00,-3121.8,-11681.8,1572.0,3910.2,3269.5,1885.1,382.2,474.6,3893.3,22.3,163.6,22.9,209.5,1116.4,1263.4,35096.8,10.5,43500.7,7130.0,97.9,79.9,Fraunhofer Energy-Charts
DE_LU,2025-01-01 06:30:00+00:00,-2638.4,-11747.4,1540.3,3858.8,3246.5,1895.7,382.2,461.4,3861.9,22.2,151.2,23.1,209.6,1120.1,1339.4,35249.0,11.0,43625.8,7026.5,97.9,80.0,Fraunhofer Energy-Charts
DE_LU,2025-01-01 06:45:00+00:00,-2339.9,-11747.4,1551.3,3928.2,3254.5,1818.7,382.1,462.6,3798.0,22.2,106.3,11.4,209.5,1124.7,1360.1,35203.7,15.5,43770.9,7191.6,97.6,80.2,Fraunhofer Energy-Charts
DE_LU,2025-01-01 07:00:00+00:00,-1758.6,-11136.1,1558.9,3993.0,3244.5,1800.6,382.2,455.6,3749.7,22.2,104.6,23.7,209.5,1117.7,2294.6,34920.6,41.4,45071.2,7814.5,96.4,80.7,Fraunhofer Energy-Charts
DE_LU,2025-01-01 07:15:00+00:00,-2284.9,-11176.6,1559.5,4019.0,3246.6,1812.1,382.2,454.3,3571.8,22.1,108.3,66.9,209.5,1113.6,2496.8,34878.1,198.1,45572.8,7999.7,96.1,81.0,Fraunhofer Energy-Charts
DE_LU,2025-01-01 07:30:00+00:00,-2429.7,-11150.5,1557.0,4020.9,3266.3,1746.6,382.2,450.3,3450.7,22.0,135.8,68.9,209.4,1107.4,2427.1,34583.8,886.6,45796.2,7898.6,96.4,81.4,Fraunhofer Energy-Charts
DE_LU,2025-01-01 07:45:00+00:00,-2570.4,-11150.5,1560.1,4004.5,3265.3,1733.4,382.2,458.7,3507.2,21.9,87.3,66.8,209.5,1124.8,2410.4,34527.7,1626.1,46196.5,7632.3,96.9,81.5,Fraunhofer Energy-Charts
DE_LU,2025-01-01 08:00:00+00:00,-3940.2,-10328.8,1574.2,4014.8,3248.0,1742.0,382.2,457.2,3515.2,21.7,107.6,27.3,209.5,1124.1,2227.4,33793.5,2485.5,46896.1,8389.8,95.4,81.5,Fraunhofer Energy-Charts
DE_LU,2025-01-01 08:15:00+00:00,-4136.4,-10358.6,1599.1,4008.0,3255.7,1736.8,382.2,452.2,3515.6,21.6,149.6,41.0,209.5,1125.7,2091.9,33636.7,3365.2,47342.4,8248.7,95.9,81.7,Fraunhofer Energy-Charts
DE_LU,2025-01-01 08:30:00+00:00,-4066.9,-10500.2,1590.4,4024.7,3255.7,1741.7,382.2,456.3,3513.4,21.5,165.4,56.6,209.6,1119.6,2010.3,33593.7,4325.6,47845.2,7915.7,96.7,82.0,Fraunhofer Energy-Charts
DE_LU,2025-01-01 08:45:00+00:00,-4158.5,-10504.1,1593.5,4025.4,3253.3,1750.9,382.2,475.9,3487.4,21.3,52.8,37.4,209.5,1119.0,2005.7,33741.9,5239.2,48636.7,7649.9,97.1,82.3,Fraunhofer Energy-Charts
DE_LU,2025-01-01 09:00:00+00:00,-5490.9,-12240.5,1605.7,3980.7,3285.7,1747.2,382.2,493.1,3507.2,21.2,119.3,45.0,206.2,1119.6,2159.0,34819.4,6159.8,49367.3,6229.1,100.1,82.9,Fraunhofer Energy-Charts
DE_LU,2025-01-01 09:15:00+00:00,-5524.3,-12244.2,1616.8,3962.4,3287.1,1751.6,382.2,514.4,3485.8,20.9,47.1,25.4,205.7,1123.0,2178.6,35323.8,7099.9,49920.7,5318.4,101.7,83.3,Fraunhofer Energy-Charts
DE_LU,2025-01-01 09:30:00+00:00,-5664.6,-12187.2,1622.3,3910.6,3288.7,1765.6,382.2,492.5,3467.9,20.7,108.3,34.5,205.7,1120.7,2023.5,35384.3,7975.1,50204.3,4821.4,102.7,83.5,Fraunhofer Energy-Charts
DE_LU,2025-01-01 09:45:00+00:00,-5849.5,-12165.2,1628.2,3916.7,3290.3,1768.6,382.2,493.2,3493.7,20.5,45.5,2.4,205.6,1120.9,2063.0,35273.1,8871.0,50861.0,4653.9,102.9,83.7,Fraunhofer Energy-Charts
DE_LU,2025-01-01 10:00:00+00:00,-5737.5,-12666.3,1643.3,3957.4,3286.1,1758.1,382.2,522.6,3489.0,20.1,66.7,32.2,205.1,1117.3,1831.4,35388.3,9687.9,51451.8,4544.3,103.3,83.9,Fraunhofer Energy-Charts
DE_LU,2025-01-01 10:15:00+00:00,-5555.6,-12673.3,1646.8,3961.2,3281.1,1764.0,382.2,537.2,3465.8,19.9,61.1,45.7,203.9,1120.0,1846.8,35050.9,10435.4,51985.6,4652.6,103.0,84.0,Fraunhofer Energy-Charts
DE_LU,2025-01-01 10:30:00+00:00,-5522.7,-12663.8,1642.1,3967.3,3279.3,1764.8,382.2,540.2,3476.1,19.8,72.3,45.8,203.9,1118.2,1843.2,34857.6,10937.6,52395.7,4757.4,102.8,84.0,Fraunhofer Energy-Charts
DE_LU,2025-01-01 10:45:00+00:00,-5521.0,-12663.8,1636.7,3917.9,3274.4,1767.2,382.2,551.9,3458.6,19.6,60.8,93.2,204.0,1124.1,1846.8,34612.7,11349.6,52523.9,4714.8,102.8,84.1,Fraunhofer Energy-Charts
DE_LU,2025-01-01 11:00:00+00:00,-5293.7,-13972.5,1672.4,3927.8,3315.0,1768.3,382.2,559.2,3342.6,19.4,95.7,29.3,203.9,1107.0,2024.2,35262.2,11500.8,53075.3,4288.1,103.7,84.4,Fraunhofer Energy-Charts
DE_LU,2025-01-01 11:15:00+00:00,-5567.0,-13973.5,1659.7,3870.7,3309.2,1764.1,382.2,530.8,3140.4,19.6,109.0,88.7,203.7,1096.1,2139.8,35670.3,11581.9,53079.5,3687.6,104.7,84.9,Fraunhofer Energy-Charts
DE_LU,2025-01-01 11:30:00+00:00,-5525.8,-13973.5,1652.1,3841.8,3284.8,1760.8,382.2,531.5,3140.4,20.0,96.8,17.7,203.7,1117.1,2183.5,35920.9,11582.6,53125.5,3438.4,105.1,85.0,Fraunhofer Energy-Charts
DE_LU,2025-01-01 11:45:00+00:00,-5686.3,-13973.5,1667.8,3925.6,3284.8,1755.8,382.2,548.3,3135.4,20.1,92.3,79.3,203.7,1115.5,2190.8,35872.1,11410.9,53231.3,3757.5,104.7,84.9,Fraunhofer Energy-Charts
DE_LU,2025-01-01 12:00:00+00:00,-5629.0,-14633.0,1670.7,3913.7,3275.1,1759.5,382.2,562.4,3118.5,20.1,108.2,172.8,203.8,1128.2,2288.2,36494.9,11066.1,52812.4,2963.3,106.2,85.0,Fraunhofer Energy-Charts
DE_LU,2025-01-01 12:15:00+00:00,-5382.8,-14660.3,1657.2,3841.4,3272.6,1769.0,382.2,534.2,3185.2,20.1,53.8,138.9,203.7,1115.7,2605.6,36395.1,10558.3,51808.7,2249.8,107.4,84.9,Fraunhofer Energy-Charts
DE_LU,2025-01-01 12:30:00+00:00,-5228.2,-14656.0,1652.9,3855.8,3245.0,1767.6,382.2,520.2,3186.1,20.3,130.1,89.9,203.8,1109.6,2773.7,36632.5,9865.2,51546.8,2275.4,107.6,84.9,Fraunhofer Energy-Charts
DE_LU,2025-01-01 12:45:00+00:00,-5299.0,-14656.0,1646.5,3884.1,3234.3,1756.3,382.2,491.2,3188.0,20.1,129.5,159.2,203.8,1109.8,3040.2,37003.9,9065.8,51267.7,2157.8,107.9,84.9,Fraunhofer Energy-Charts
DE_LU,2025-01-01 13:00:00+00:00,-5049.3,-13477.4,1630.7,3848.1,3248.5,1763.5,382.2,473.3,3175.7,19.9,97.3,20.6,203.8,1100.2,2988.2,36917.6,8108.5,51031.1,3016.7,106.1,84.6,Fraunhofer Energy-Charts
DE_LU,2025-01-01 13:15:00+00:00,-5239.3,-13483.7,1625.0,3922.5,3291.4,1740.5,382.1,499.9,3170.0,19.9,37.6,167.4,203.8,1118.4,3277.7,37257.0,7246.6,50704.1,2922.9,106.3,84.5,Fraunhofer Energy-Charts
DE_LU,2025-01-01 13:30:00+00:00,-5056.2,-13483.7,1609.9,3909.3,3327.1,1743.3,382.2,479.8,3165.7,20.0,104.7,79.7,203.9,1120.0,3536.6,37878.1,6233.4,50651.9,3003.8,106.3,84.5,Fraunhofer Energy-Charts
DE_LU,2025-01-01 13:45:00+00:00,-4712.8,-13483.7,1591.5,3843.0,3358.1,1753.0,382.2,488.3,3134.1,20.0,120.6,83.7,203.8,1120.4,3983.4,38271.7,5207.3,50665.4,3203.0,105.7,84.4,Fraunhofer Energy-Charts
DE_LU,2025-01-01 14:00:00+00:00,-3601.8,-13092.9,1575.6,3831.2,3365.1,1747.0,382.2,496.0,3123.0,20.1,60.8,41.1,199.1,1129.6,4428.8,38925.0,4139.6,51659.0,4165.6,103.6,84.4,Fraunhofer Energy-Charts
DE_LU,2025-01-01 14:15:00+00:00,-3320.8,-13092.9,1599.4,3925.6,3362.5,1750.9,382.2,498.3,3146.7,20.2,69.3,42.2,198.3,1105.0,4620.9,39996.7,3096.2,51698.6,3984.9,104.2,84.4,Fraunhofer Energy-Charts
DE_LU,2025-01-01 14:30:00+00:00,-3073.5,-13156.1,1597.5,3951.2,3377.5,1769.2,382.2,514.6,3153.0,20.5,70.4,11.9,198.2,1102.5,4779.2,40724.7,2094.1,51789.1,4191.0,103.8,84.4,Fraunhofer Energy-Charts
DE_LU,2025-01-01 14:45:00+00:00,-2587.2,-13156.1,1586.6,3997.4,3349.9,1724.7,382.1,553.2,3141.7,20.4,192.5,293.1,198.3,1117.3,4532.5,41078.5,1219.2,52205.4,5375.2,101.8,84.3,Fraunhofer Energy-Charts
DE_LU,2025-01-01 15:00:00+00:00,-1472.3,-12662.1,1578.4,3983.2,3403.7,1724.6,382.2,572.6,3155.1,20.7,122.1,269.6,198.0,1135.9,4588.7,40285.4,540.7,52806.8,7391.9,97.8,83.7,Fraunhofer Energy-Charts
DE_LU,2025-01-01 15:15:00+00:00,-1395.9,-12663.6,1596.8,4102.0,3393.1,1768.5,382.2,560.1,3198.8,21.0,83.9,416.8,198.2,1127.6,4893.1,40601.8,137.7,53268.2,7635.6,97.6,83.7,Fraunhofer Energy-Charts
DE_LU,2025-01-01 15:30:00+00:00,-959.9,-12670.5,1602.7,4139.7,3416.0,1908.4,382.2,575.1,3203.1,21.3,188.1,387.4,197.8,1132.7,4853.0,41141.3,32.9,54211.7,8184.5,96.9,83.6,Fraunhofer Energy-Charts
DE_LU,2025-01-01 15:45:00+00:00,-574.4,-12670.5,1590.8,4160.0,3431.3,1974.6,382.2,565.2,3187.7,21.5,130.0,654.7,196.2,1131.2,4455.0,41181.5,21.5,55431.8,9773.7,94.0,83.5,Fraunhofer Energy-Charts
DE_LU,2025-01-01 16:00:00+00:00,-499.3,-13536.6,1607.8,4200.2,3391.2,2009.9,382.2,551.3,3227.6,21.5,123.3,331.2,196.3,1130.3,4477.6,41788.8,20.6,55093.4,8806.5,95.8,83.6,Fraunhofer Energy-Charts
DE_LU,2025-01-01 16:15:00+00:00,-513.3,-13536.6,1601.4,4225.9,3358.5,2164.9,382.2,564.1,3224.8,21.2,100.8,322.4,196.1,1130.0,4861.8,42692.5,20.2,55523.9,7949.4,97.4,83.8,Fraunhofer Energy-Charts
DE_LU,2025-01-01 16:30:00+00:00,-541.0,-13624.2,1595.7,4227.7,3331.2,2291.7,382.2,561.9,3228.6,21.4,114.1,413.1,196.0,1133.8,4921.3,42931.3,16.7,56059.3,8189.9,97.0,83.7,Fraunhofer Energy-Charts
DE_LU,2025-01-01 16:45:00+00:00,-512.0,-13624.2,1596.4,4260.3,3329.4,2404.8,382.2,557.8,3235.5,21.6,51.4,506.9,196.1,1139.5,4885.4,43049.2,15.4,56412.6,8462.6,96.5,83.6,Fraunhofer Energy-Charts
DE_LU,2025-01-01 17:00:00+00:00,-470.1,-14037.0,1597.4,4252.8,3315.3,2475.7,382.2,541.4,3221.0,21.5,37.0,574.2,196.0,1133.5,4030.2,43179.0,14.7,56492.4,9268.5,95.0,83.3,Fraunhofer Energy-Charts
DE_LU,2025-01-01 17:15:00+00:00,-443.8,-14037.0,1586.5,4235.9,3297.1,2511.6,382.2,517.9,3221.7,21.5,28.8,525.8,196.0,1131.9,3839.4,43196.8,14.2,56059.1,9008.7,95.4,83.3,Fraunhofer Energy-Charts
DE_LU,2025-01-01 17:30:00+00:00,-415.6,-14037.0,1594.3,4275.5,3307.1,2549.1,382.2,500.1,3236.5,21.5,27.9,646.0,196.1,1117.8,3704.5,42915.7,13.6,55847.6,9213.8,95.1,83.2,Fraunhofer Energy-Charts
DE_LU,2025-01-01 17:45:00+00:00,-462.6,-14037.0,1591.5,4283.0,3298.0,2636.2,382.2,530.5,3262.4,21.3,25.3,317.6,196.0,1131.2,3564.7,42876.8,13.5,55295.7,8840.7,95.7,82.9,Fraunhofer Energy-Charts
DE_LU,2025-01-01 18:00:00+00:00,-808.2,-13579.5,1611.7,4256.8,3312.0,2645.1,382.2,539.2,3281.9,21.4,67.7,540.3,196.1,1131.1,3531.0,42520.1,12.8,55446.3,9382.4,94.8,82.8,Fraunhofer Energy-Charts
DE_LU,2025-01-01 18:15:00+00:00,-765.2,-13579.5,1629.7,4245.5,3336.5,2644.3,382.2,510.2,3277.4,21.3,142.2,507.4,196.2,1129.8,3487.8,42271.7,12.0,54864.8,9093.2,95.4,82.7,Fraunhofer Energy-Charts
DE_LU,2025-01-01 18:30:00+00:00,-704.4,-13579.3,1589.9,4235.0,3323.2,2643.7,382.2,509.0,3266.2,21.2,87.7,367.7,196.1,1116.3,3460.3,42142.7,11.0,54692.6,9078.5,95.2,82.7,Fraunhofer Energy-Charts
DE_LU,2025-01-01 18:45:00+00:00,-991.4,-13579.3,1587.0,4234.1,3322.8,2661.0,382.2,506.0,3233.3,21.2,54.9,380.1,196.1,1121.7,3439.8,41878.2,10.9,54021.1,8692.3,95.8,82.6,Fraunhofer Energy-Charts
DE_LU,2025-01-01 19:00:00+00:00,-1242.6,-14325.8,1585.9,4167.4,3259.1,2694.9,382.2,513.0,3184.2,21.2,39.9,596.3,196.2,1104.9,3955.6,41918.3,12.9,53227.5,7340.8,98.1,82.9,Fraunhofer Energy-Charts
DE_LU,2025-01-01 19:15:00+00:00,-1293.0,-14325.8,1583.8,4180.7,3214.4,2748.1,382.2,514.2,3142.6,21.1,28.0,495.1,196.3,1083.3,4032.4,41565.2,11.4,52970.5,7361.5,98.1,82.8,Fraunhofer Energy-Charts
DE_LU,2025-01-01 19:30:00+00:00,-1518.3,-14325.8,1575.1,4154.2,3208.1,2780.8,382.2,531.6,3108.9,20.9,31.9,312.0,196.3,1102.4,3976.8,41352.5,11.6,52344.1,7003.2,98.7,82.7,Fraunhofer Energy-Charts
DE_LU,2025-01-01 19:45:00+00:00,-1694.6,-14325.8,1572.3,4151.7,3214.5,2826.0,382.2,514.0,3112.2,21.1,22.9,214.4,196.4,1101.9,3875.5,41391.1,11.7,51563.4,6285.0,100.0,82.7,Fraunhofer Energy-Charts
DE_LU,2025-01-01 20:00:00+00:00,-1611.7,-14115.1,1569.4,4103.6,3210.3,2827.2,382.2,527.0,3106.9,21.1,20.5,552.0,196.4,1126.3,4035.9,40998.9,11.0,51529.6,6483.9,99.5,82.6,Fraunhofer Energy-Charts
DE_LU,2025-01-01 20:15:00+00:00,-1464.3,-14115.1,1566.6,4104.7,3211.7,2838.3,382.2,520.0,3119.2,21.5,56.2,435.8,196.4,1145.0,4145.8,40405.2,10.6,51071.3,6509.7,99.6,82.4,Fraunhofer Energy-Charts
DE_LU,2025-01-01 20:30:00+00:00,-1409.3,-14115.1,1565.9,4097.3,3205.0,2898.4,382.2,511.6,3119.5,21.3,57.3,412.6,196.5,1118.4,3960.7,40019.9,10.8,50362.5,6371.1,99.8,82.2,Fraunhofer Energy-Charts
DE_LU,2025-01-01 20:45:00+00:00,-1608.4,-14115.0,1563.5,4098.5,3211.5,2895.0,382.2,485.3,3122.7,21.3,54.8,824.3,196.5,1119.7,3698.2,39920.9,10.5,49780.2,6150.5,100.2,82.1,Fraunhofer Energy-Charts
DE_LU,2025-01-01 21:00:00+00:00,-626.3,-14328.5,1582.6,4066.4,3214.8,2898.3,382.1,462.0,3085.5,21.7,86.0,825.7,196.5,1124.6,3966.7,38525.4,0.0,49452.7,6960.6,98.6,81.8,Fraunhofer Energy-Charts
DE_LU,2025-01-01 21:15:00+00:00,-1012.1,-14328.5,1572.2,4067.0,3200.5,2941.1,382.2,470.3,3090.0,22.1,31.8,460.8,196.6,1123.7,3990.8,38624.9,0.0,49192.6,6576.8,99.3,81.8,Fraunhofer Energy-Charts
DE_LU,2025-01-01 21:30:00+00:00,-1205.4,-14328.4,1565.7,4052.4,3201.9,2968.9,382.2,488.0,3088.6,22.1,28.5,460.7,196.6,1133.1,3687.9,38692.2,0.0,48326.6,5946.4,100.5,81.6,Fraunhofer Energy-Charts
DE_LU,2025-01-01 21:45:00+00:00,-1468.3,-14328.4,1553.9,4030.0,3208.0,2974.0,382.2,504.4,3091.7,22.2,17.9,494.9,196.6,1131.5,3693.5,38654.2,0.0,47410.6,5063.0,102.3,81.6,Fraunhofer Energy-Charts
DE_LU,2025-01-01 22:00:00+00:00,-1294.5,-16288.3,1568.6,3979.6,3185.9,2978.1,382.2,503.4,3077.6,22.2,71.1,700.7,196.6,1133.4,3958.2,38937.4,0.0,47091.8,4196.2,104.2,81.8,Fraunhofer Energy-Charts
DE_LU,2025-01-01 22:15:00+00:00,-1153.8,-16289.3,1571.5,3958.8,3192.1,2977.9,382.2,490.9,3068.6,22.5,46.2,444.0,196.7,1124.2,3897.8,38792.6,0.0,46790.6,4100.1,104.3,81.8,Fraunhofer Energy-Charts
DE_LU,2025-01-01 22:30:00+00:00,-1492.0,-16304.8,1556.3,3949.0,3205.7,2966.5,382.2,500.1,3094.8,22.5,29.6,319.3,196.7,1108.1,4262.9,38485.2,0.0,45454.9,2706.8,107.4,81.7,Fraunhofer Energy-Charts
DE_LU,2025-01-01 22:45:00+00:00,-1741.1,-16304.8,1554.9,3927.6,3218.6,2955.5,382.2,530.4,3099.3,22.5,22.5,486.4,196.8,1125.0,4259.7,38083.8,0.0,44668.5,2325.0,108.4,81.5,Fraunhofer Energy-Charts
DE_LU,2025-01-01 23:00:00+00:00,-2057.1,-17365.7,1540.7,3787.8,3380.9,3042.7,366.3,664.9,3137.7,22.5,88.7,502.8,196.8,1125.9,4176.4,37696.8,0.0,44869.8,2996.6,106.6,80.8,Fraunhofer Energy-Charts
DE_LU,2025-01-01 23:15:00+00:00,-1846.4,-17365.7,1563.1,3849.7,3461.0,3137.6,366.2,493.9,3147.0,22.6,118.0,735.9,196.8,1109.0,3970.0,36870.6,0.0,44617.6,3777.0,105.2,80.5,Fraunhofer Energy-Charts
DE_LU,2025-01-01 23:30:00+00:00,-2084.2,-17365.7,1555.5,3870.8,3459.0,3093.5,366.2,495.8,3147.1,22.5,98.0,733.0,196.8,1090.5,3969.5,36634.7,0.0,43681.3,3077.2,106.8,80.5,Fraunhofer Energy-Charts
DE_LU,2025-01-01 23:45:00+00:00,-1949.7,-17365.7,1556.3,3868.0,3525.1,3036.2,366.2,482.4,3038.3,22.5,103.9,800.4,196.8,1105.7,3937.6,35794.3,0.0,43236.5,3504.7,105.9,80.3,Fraunhofer Energy-Charts
DE_LU,2025-01-02 00:00:00+00:00,-2563.4,-17350.7,1561.3,3853.5,3753.0,2934.3,366.1,485.8,2947.1,22.7,97.7,685.3,196.9,1103.0,4574.6,35565.9,0.0,42330.3,2189.8,109.1,80.4,Fraunhofer Energy-Charts
DE_LU,2025-01-02 00:15:00+00:00,-2512.9,-17350.7,1549.4,3844.6,3828.4,2815.2,366.2,488.9,2937.3,22.7,32.1,339.6,196.8,1093.4,4720.5,35618.5,0.0,42129.2,1790.2,109.9,80.5,Fraunhofer Energy-Charts
DE_LU,2025-01-02 00:30:00+00:00,-2261.9,-17350.7,1544.0,3827.1,3904.9,2731.0,366.2,500.2,2918.7,22.7,31.1,334.9,196.7,1119.5,4764.3,35433.8,0.0,41944.7,1746.5,110.0,80.5,Fraunhofer Energy-Charts
DE_LU,2025-01-02 00:45:00+00:00,-2093.6,-17350.7,1548.7,3838.3,3960.2,2615.2,366.1,505.3,2907.2,22.6,55.2,443.8,196.7,1127.0,4862.0,34508.7,0.0,41802.6,2432.0,108.5,80.3,Fraunhofer Energy-Charts
DE_LU,2025-01-02 01:00:00+00:00,-1813.6,-16855.3,1564.7,3843.6,3954.8,2502.8,366.1,508.3,2979.1,22.5,53.6,352.3,196.8,1139.4,5086.0,33449.3,0.0,41274.3,2739.0,108.0,80.1,Fraunhofer Energy-Charts
DE_LU,2025-01-02 01:15:00+00:00,-2004.4,-16855.3,1579.2,3853.4,3958.8,2375.7,366.1,504.5,2978.4,22.4,82.1,586.8,196.6,1122.0,5096.8,32916.7,0.0,41264.1,3250.6,106.8,80.1,Fraunhofer Energy-Charts
DE_LU,2025-01-02 01:30:00+00:00,-1787.0,-16855.3,1548.4,3859.8,3955.0,2292.5,366.2,496.8,2975.7,22.2,46.6,410.2,196.8,1128.4,5307.1,33141.6,0.0,41064.2,2615.5,108.3,80.3,Fraunhofer Energy-Charts
DE_LU,2025-01-02 01:45:00+00:00,-1899.6,-16855.3,1521.1,3821.8,3967.9,2211.6,366.2,480.2,2932.0,22.0,25.5,296.4,196.7,1134.8,5466.2,33265.7,0.0,41335.9,2604.0,108.0,80.6,Fraunhofer Energy-Charts
DE_LU,2025-01-02 02:00:00+00:00,-1692.5,-15904.8,1524.6,3843.2,3982.2,2168.6,366.2,484.6,2925.0,21.9,24.0,302.4,196.6,1148.6,5587.9,32678.1,0.0,40992.3,2726.4,107.9,80.5,Fraunhofer Energy-Charts
DE_LU,2025-01-02 02:15:00+00:00,-1674.1,-15904.8,1517.4,3826.5,3989.6,2190.6,366.2,496.9,3070.2,21.7,42.3,364.2,196.6,1118.0,5571.1,32083.6,0.0,41541.7,3887.0,104.9,80.0,Fraunhofer Energy-Charts
DE_LU,2025-01-02 02:30:00+00:00,-1326.0,-15904.8,1545.0,3849.1,3989.5,2199.6,366.1,493.7,3071.5,21.6,113.1,508.5,196.6,1114.8,5600.2,31234.2,0.0,41742.4,4908.0,102.8,79.7,Fraunhofer Energy-Charts
DE_LU,2025-01-02 02:45:00+00:00,-1316.2,-15904.8,1548.1,3879.2,4108.4,2210.5,366.2,494.6,3141.0,21.9,125.7,518.1,196.7,1121.7,5507.0,30769.2,0.0,41914.2,5638.1,101.1,79.2,Fraunhofer Energy-Charts
DE_LU,2025-01-02 03:00:00+00:00,-1237.0,-14542.6,1536.9,3836.4,4429.1,2289.7,366.2,488.8,3314.9,21.7,125.4,139.3,196.6,1122.5,4974.6,30272.1,0.0,42075.5,6828.9,98.2,78.0,Fraunhofer Energy-Charts
DE_LU,2025-01-02 03:15:00+00:00,-1255.7,-14557.4,1539.5,3892.0,4474.7,2304.8,366.2,494.5,3526.4,21.5,122.1,110.2,196.6,1104.9,4973.4,30240.2,0.0,41618.7,6405.1,99.3,77.6,Fraunhofer Energy-Charts
DE_LU,2025-01-02 03:30:00+00:00,-1090.6,-14451.9,1543.9,3899.2,4503.9,2377.3,366.2,507.5,3668.5,21.2,124.9,58.0,196.5,1128.6,4894.8,30034.1,5.6,41921.9,6987.5,97.9,77.1,Fraunhofer Energy-Charts
DE_LU,2025-01-02 03:45:00+00:00,-964.4,-14476.8,1537.8,3898.2,4531.4,2582.9,366.1,507.5,3779.5,21.2,118.8,285.1,202.2,1131.0,4795.6,29762.5,5.7,42635.4,8071.6,95.4,76.4,Fraunhofer Energy-Charts
DE_LU,2025-01-02 04:00:00+00:00,-1349.0,-11321.9,1524.6,3918.6,4555.6,2633.4,366.1,495.5,4177.6,21.0,103.2,117.9,209.6,1128.3,4567.1,29356.8,5.6,42776.8,8847.3,93.6,75.4,Fraunhofer Energy-Charts
DE_LU,2025-01-02 04:15:00+00:00,-1192.7,-11341.2,1530.0,3931.8,4576.7,2682.0,366.2,499.9,4428.3,20.8,123.0,123.5,209.6,1125.5,4524.2,29110.4,5.9,43331.1,9690.6,91.8,74.9,Fraunhofer Energy-Charts
DE_LU,2025-01-02 04:30:00+00:00,-884.1,-11327.1,1533.6,3943.5,4653.6,2743.8,366.1,497.3,4527.2,21.0,90.4,109.8,209.6,1132.7,4551.9,28837.4,5.7,44586.3,11191.4,88.6,74.4,Fraunhofer Energy-Charts
DE_LU,2025-01-02 04:45:00+00:00,-708.6,-11371.2,1532.3,3959.1,4973.2,2771.8,366.2,506.9,4784.7,20.9,105.2,364.2,220.2,1126.0,4538.4,28852.1,5.5,45552.8,12156.8,86.8,73.6,Fraunhofer Energy-Charts
DE_LU,2025-01-02 05:00:00+00:00,-1207.8,-9439.6,1531.3,3995.3,5682.1,2761.8,366.2,502.9,5422.4,20.8,85.5,166.5,228.2,1121.2,5448.2,28781.9,5.2,47860.6,13625.3,84.4,72.2,Fraunhofer Energy-Charts
DE_LU,2025-01-02 05:15:00+00:00,-1108.7,-9469.5,1530.5,4039.9,6214.7,2804.4,366.1,489.0,5295.0,20.6,115.2,172.9,228.2,1117.3,5481.7,27766.8,6.4,48835.2,15580.2,80.9,71.2,Fraunhofer Energy-Charts
DE_LU,2025-01-02 05:30:00+00:00,-976.7,-9492.6,1527.6,3990.4,6681.5,3032.0,366.1,483.4,5324.0,20.6,100.8,222.0,228.1,1114.3,5772.6,27169.0,5.6,50255.9,17308.7,77.8,70.1,Fraunhofer Energy-Charts
DE_LU,2025-01-02 05:45:00+00:00,-712.6,-9546.8,1534.2,4071.9,7056.9,3231.7,366.2,477.7,5689.0,20.5,132.5,253.3,245.5,1119.2,5544.6,26306.9,6.6,51140.1,19282.0,74.6,68.4,Fraunhofer Energy-Charts
DE_LU,2025-01-02 06:00:00+00:00,-1421.2,-7470.8,1532.6,4136.7,7703.8,3308.0,366.1,491.0,6505.5,20.5,179.2,171.2,265.1,1105.9,5942.3,25173.6,6.6,52298.9,21176.5,71.7,66.1,Fraunhofer Energy-Charts
DE_LU,2025-01-02 06:15:00+00:00,-1159.3,-7497.2,1536.9,4209.4,7954.8,3489.0,366.2,515.2,6570.8,20.5,104.3,341.4,265.1,1121.7,5892.1,24642.0,6.8,53403.7,22862.8,69.2,65.2,Fraunhofer Energy-Charts
DE_LU,2025-01-02 06:30:00+00:00,-639.9,-7260.7,1560.4,4225.3,7941.9,3718.7,366.1,533.0,6709.9,20.5,65.4,297.6,265.2,1120.2,5803.5,24247.2,6.9,53999.8,23942.2,67.5,64.4,Fraunhofer Energy-Charts
DE_LU,2025-01-02 06:45:00+00:00,-227.5,-7261.0,1584.6,4256.0,8278.4,3928.3,366.2,537.3,6830.0,20.3,63.7,410.0,276.6,1128.9,5715.5,23715.8,11.2,54783.3,25340.8,65.5,63.3,Fraunhofer Energy-Charts
DE_LU,2025-01-02 07:00:00+00:00,-350.4,-5702.5,1561.4,4321.8,8693.6,4313.0,366.2,531.2,7330.5,20.2,4.7,367.2,294.0,1110.1,5815.3,22717.2,13.7,56250.7,27704.5,62.2,61.3,Fraunhofer Energy-Charts
DE_LU,2025-01-02 07:15:00+00:00,-176.0,-5698.7,1587.4,4377.2,8997.2,4515.3,366.1,517.5,7373.2,20.2,42.7,816.0,294.7,1106.1,5648.4,21610.0,33.6,56878.2,29586.1,59.5,59.9,Fraunhofer Energy-Charts
DE_LU,2025-01-02 07:30:00+00:00,-10.2,-5580.5,1629.9,4439.0,9003.9,4534.5,366.1,517.0,7564.4,20.1,114.3,1239.0,294.7,1097.4,5627.1,21106.2,192.8,57154.2,30228.1,58.9,59.6,Fraunhofer Energy-Charts
DE_LU,2025-01-02 07:45:00+00:00,-13.4,-5622.9,1626.4,4471.8,9020.1,4505.7,366.1,497.4,7824.8,20.1,128.6,1724.2,293.1,1096.1,5809.4,20400.2,488.8,57924.6,31226.2,57.8,59.2,Fraunhofer Energy-Charts
DE_LU,2025-01-02 08:00:00+00:00,-194.9,-3268.5,1584.8,4461.0,9343.6,4581.2,366.2,473.1,7975.9,20.3,10.8,1048.8,277.6,1090.5,5968.2,19593.3,879.3,58753.6,32312.9,56.2,58.3,Fraunhofer Energy-Charts
DE_LU,2025-01-02 08:15:00+00:00,-76.3,-3153.3,1589.9,4428.0,9385.4,4649.5,366.2,465.5,8025.5,20.0,7.6,841.3,276.2,1063.5,6010.4,18355.6,1256.8,59261.1,33638.4,54.3,57.6,Fraunhofer Energy-Charts
DE_LU,2025-01-02 08:30:00+00:00,-20.4,-3059.0,1634.0,4462.3,9405.9,4757.5,366.1,485.0,8066.6,20.0,44.8,870.8,276.1,1079.6,5956.1,17313.5,1712.3,59485.3,34503.4,53.2,57.0,Fraunhofer Energy-Charts
DE_LU,2025-01-02 08:45:00+00:00,-19.3,-2941.6,1638.8,4462.0,9471.0,4846.3,366.1,496.7,8242.7,20.3,49.2,976.9,274.6,1086.9,5854.5,16626.5,2274.3,59534.3,34779.0,52.8,56.4,Fraunhofer Energy-Charts
DE_LU,2025-01-02 09:00:00+00:00,-70.2,-1623.4,1622.7,4419.6,9547.3,4899.5,366.1,475.2,8772.8,20.5,49.7,1043.8,255.7,1071.2,5733.6,15773.6,2880.5,59497.8,35110.0,52.1,55.5,Fraunhofer Energy-Charts
DE_LU,2025-01-02 09:15:00+00:00,-79.7,-1622.9,1618.5,4405.6,9551.4,4882.8,366.1,444.6,8858.8,20.4,49.5,1229.8,248.6,1101.1,5171.0,15096.3,3566.3,59782.8,35949.3,50.9,55.0,Fraunhofer Energy-Charts
DE_LU,2025-01-02 09:30:00+00:00,-49.1,-1211.0,1597.2,4394.0,9576.7,4885.9,366.2,462.4,8848.0,20.6,27.5,1045.5,257.3,1121.2,4861.7,14462.9,4260.4,60190.7,36605.8,50.1,54.7,Fraunhofer Energy-Charts
DE_LU,2025-01-02 09:45:00+00:00,-19.4,-1165.1,1630.8,4388.1,9529.1,4883.7,366.1,481.4,8941.8,20.6,98.2,1187.8,256.9,1118.3,4538.2,13804.7,4807.9,60112.4,36961.6,49.6,54.4,Fraunhofer Energy-Charts
DE_LU,2025-01-02 10:00:00+00:00,-20.1,827.8,1596.3,4331.6,9552.9,4953.8,366.1,495.1,8929.8,20.6,28.2,246.1,240.1,1114.4,4851.0,13263.5,5297.1,60331.9,36920.3,49.6,54.4,Fraunhofer Energy-Charts
DE_LU,2025-01-02 10:15:00+00:00,-53.6,849.4,1610.1,4316.3,9536.5,4959.3,366.2,467.1,8866.0,20.5,47.3,748.0,229.9,1111.7,5154.1,12859.4,5778.2,60792.6,37000.9,49.9,54.8,Fraunhofer Energy-Charts
DE_LU,2025-01-02 10:30:00+00:00,-107.0,1207.7,1570.7,4294.3,9544.3,4949.9,366.2,476.9,8894.4,20.7,20.6,421.5,230.0,1106.1,5282.3,12358.1,6101.7,61162.8,37420.7,49.3,54.6,Fraunhofer Energy-Charts
DE_LU,2025-01-02 10:45:00+00:00,-192.6,1299.1,1579.1,4294.2,9543.5,4945.2,366.1,490.5,8913.1,20.7,26.4,488.3,230.0,1111.1,5290.2,11831.2,6308.6,61448.5,38018.6,48.6,54.4,Fraunhofer Energy-Charts
DE_LU,2025-01-02 11:00:00+00:00,-281.1,2707.5,1608.9,4199.1,9518.4,4974.5,366.1,504.2,8898.2,20.6,57.8,234.1,223.1,1075.1,5115.9,11520.1,6380.7,61662.4,38645.8,47.7,54.0,Fraunhofer Energy-Charts
DE_LU,2025-01-02 11:15:00+00:00,-234.0,2722.9,1603.8,4190.7,9510.2,4982.2,366.2,509.4,8889.2,20.6,57.7,219.5,221.0,1028.3,5183.3,11377.2,6387.8,61727.9,38779.5,47.5,54.0,Fraunhofer Energy-Charts
DE_LU,2025-01-02 11:30:00+00:00,-120.7,2962.5,1599.9,4183.0,9496.9,4983.5,366.2,512.6,8894.0,20.7,48.4,190.5,220.5,1029.2,5400.4,11399.9,6433.0,61613.1,38379.7,48.0,54.2,Fraunhofer Energy-Charts
DE_LU,2025-01-02 11:45:00+00:00,-277.9,3223.2,1568.6,4183.0,9435.6,4950.0,366.1,538.5,8867.4,20.4,19.9,237.3,220.6,1020.2,5755.9,11637.1,6308.1,61504.0,37802.9,48.7,54.6,Fraunhofer Energy-Charts
DE_LU,2025-01-02 12:00:00+00:00,-338.3,3464.6,1604.1,4167.2,9621.3,4781.4,366.1,564.7,8820.1,20.5,82.3,215.1,210.5,1036.1,5553.5,11518.6,6205.7,61756.1,38478.4,48.0,54.3,Fraunhofer Energy-Charts
DE_LU,2025-01-02 12:15:00+00:00,-631.3,3458.1,1610.9,4157.9,9640.2,4682.2,366.1,540.8,8807.3,20.5,55.8,162.6,205.7,1032.3,5653.4,11555.2,5853.9,61300.7,38238.3,48.0,54.3,Fraunhofer Energy-Charts
DE_LU,2025-01-02 12:30:00+00:00,-617.4,3794.1,1612.4,4154.3,9646.1,4681.8,366.2,521.0,8815.1,20.5,91.5,165.8,205.7,1031.3,5279.6,11674.8,5384.8,60926.7,38587.6,47.1,53.7,Fraunhofer Energy-Charts
DE_LU,2025-01-02 12:45:00+00:00,-526.7,3777.5,1621.7,4157.8,9655.6,4568.9,366.2,521.0,8759.2,20.6,120.7,170.1,206.4,1034.6,5280.1,11463.3,4849.0,60598.0,39005.6,46.2,53.2,Fraunhofer Energy-Charts
DE_LU,2025-01-02 13:00:00+00:00,-601.5,3196.8,1652.7,4184.5,9666.1,4641.0,366.1,519.5,8821.4,20.6,184.2,356.0,218.1,1040.8,4941.7,11401.1,4315.2,60484.8,39826.8,45.0,52.3,Fraunhofer Energy-Charts
DE_LU,2025-01-02 13:15:00+00:00,-13.0,3113.9,1655.9,4217.8,9621.4,4627.2,366.2,471.6,8737.6,20.5,137.7,608.5,218.9,1025.7,5212.7,11082.5,3734.5,59813.5,39783.8,44.4,51.9,Fraunhofer Energy-Charts
DE_LU,2025-01-02 13:30:00+00:00,-12.6,4046.7,1658.8,4268.6,9399.5,4642.9,366.2,459.9,8822.4,20.3,176.4,819.3,219.0,1013.9,5239.6,10800.9,3102.9,59738.5,40595.0,43.1,51.3,Fraunhofer Energy-Charts
DE_LU,2025-01-02 13:45:00+00:00,-9.3,4078.8,1658.9,4293.4,9458.9,4667.3,366.1,450.2,8900.4,20.4,131.1,1681.2,219.3,1037.8,4988.4,10838.4,2427.7,59439.8,41185.2,41.8,50.2,Fraunhofer Energy-Charts
DE_LU,2025-01-02 14:00:00+00:00,-9.4,2411.0,1653.0,4354.0,9544.2,4693.4,366.2,437.4,8923.7,20.2,143.8,3820.7,224.4,1030.0,4932.8,10942.2,1818.5,59548.8,41855.3,40.9,49.6,Fraunhofer Energy-Charts
DE_LU,2025-01-02 14:15:00+00:00,-8.6,2274.7,1710.7,4372.8,9599.8,4699.3,366.1,437.2,8933.2,20.2,155.3,3734.6,224.4,1031.8,4978.6,11267.7,1236.0,59428.5,41946.2,40.8,49.4,Fraunhofer Energy-Charts
DE_LU,2025-01-02 14:30:00+00:00,-7.4,2608.0,1725.9,4404.0,9668.8,4647.6,366.2,437.5,8956.6,20.2,211.2,3796.5,224.4,1028.9,5172.3,11384.1,727.0,59636.7,42353.3,40.5,49.3,Fraunhofer Energy-Charts
DE_LU,2025-01-02 14:45:00+00:00,-7.6,2463.2,1717.4,4406.7,9676.4,4563.1,366.2,452.3,8997.6,20.4,120.8,3853.7,224.4,1023.4,5540.0,11520.7,344.6,59787.0,42381.7,40.4,49.3,Fraunhofer Energy-Charts
DE_LU,2025-01-02 15:00:00+00:00,-9.5,2779.9,1739.5,4522.6,9663.0,4553.2,366.1,439.4,9106.8,20.4,104.5,2732.9,224.3,1049.8,5381.6,12203.2,126.4,59928.3,42217.1,41.0,49.7,Fraunhofer Energy-Charts
DE_LU,2025-01-02 15:15:00+00:00,-9.9,2683.9,1752.2,4519.4,9677.5,4560.7,366.1,451.6,9125.3,20.2,115.5,3104.4,224.3,1067.3,5494.5,12111.9,33.7,60510.7,42870.6,40.6,49.6,Fraunhofer Energy-Charts
DE_LU,2025-01-02 15:30:00+00:00,-11.1,2749.8,1746.7,4521.5,9662.1,4541.1,366.1,461.6,9130.7,20.3,262.1,3262.9,224.4,1067.8,5214.4,12648.2,22.7,60768.0,42882.8,41.0,50.0,Fraunhofer Energy-Charts
DE_LU,2025-01-02 15:45:00+00:00,-7.3,2569.5,1757.4,4573.0,9676.5,4542.0,366.2,443.8,9186.3,20.4,267.9,3648.6,224.2,1060.2,5067.7,13030.8,18.7,61442.6,43325.4,41.1,50.2,Fraunhofer Energy-Charts
DE_LU,2025-01-02 16:00:00+00:00,-1.4,173.7,1774.6,4620.1,9645.1,4528.9,366.1,427.7,9101.9,20.6,150.1,5873.7,222.4,1058.8,5776.6,13598.1,17.5,61933.3,42541.1,42.7,51.6,Fraunhofer Energy-Charts
DE_LU,2025-01-02 16:15:00+00:00,-2.8,17.9,1779.8,4633.2,9613.3,4548.6,366.1,430.5,9128.4,20.9,217.0,5802.0,222.4,1054.9,6070.3,14287.9,16.9,62502.1,42127.0,44.0,52.5,Fraunhofer Energy-Charts
DE_LU,2025-01-02 16:30:00+00:00,-3.4,-606.6,1791.8,4655.4,9576.3,4558.0,366.2,434.2,9140.5,20.9,286.8,5971.3,220.7,1043.2,6197.5,14560.5,34.5,63153.4,42360.9,44.4,53.0,Fraunhofer Energy-Charts
DE_LU,2025-01-02 16:45:00+00:00,-3.8,-656.5,1797.2,4659.2,9530.7,4570.4,366.2,415.4,9248.3,21.1,271.3,6042.3,220.6,1041.1,6072.2,14728.2,17.3,63625.6,42807.9,44.1,53.0,Fraunhofer Energy-Charts
DE_LU,2025-01-02 17:00:00+00:00,-3.8,-2069.8,1796.6,4666.7,9631.1,4624.5,366.2,421.2,9464.7,21.3,335.1,6151.3,220.6,1038.5,5894.7,15042.7,34.6,63368.4,42396.4,44.6,52.8,Fraunhofer Energy-Charts
DE_LU,2025-01-02 17:15:00+00:00,-3.8,-1827.8,1792.0,4674.3,9666.7,4637.6,366.1,477.3,9570.2,21.4,261.9,5869.1,216.8,1041.8,5161.2,15404.4,20.6,63006.5,42420.2,44.2,52.2,Fraunhofer Energy-Charts
DE_LU,2025-01-02 17:30:00+00:00,-3.8,-2766.6,1787.7,4663.2,9660.4,4627.1,366.2,479.5,9537.9,21.6,327.1,5785.7,215.6,1049.9,5236.8,15665.4,19.5,62629.9,41708.2,45.1,52.6,Fraunhofer Energy-Charts
DE_LU,2025-01-02 17:45:00+00:00,-3.7,-2757.5,1782.0,4655.6,9593.3,4637.6,366.2,469.7,9547.7,21.7,173.6,5543.2,220.7,1053.3,5825.2,16046.1,22.6,62582.8,40688.8,46.4,53.3,Fraunhofer Energy-Charts
DE_LU,2025-01-02 18:00:00+00:00,-3.7,-4031.5,1775.1,4610.8,9653.2,4615.5,366.2,481.7,9722.0,21.9,287.0,5823.6,220.7,1040.3,5944.9,16617.9,34.3,62529.9,39932.8,47.6,53.8,Fraunhofer Energy-Charts
DE_LU,2025-01-02 18:15:00+00:00,-3.8,-4039.6,1774.2,4607.3,9694.9,4603.0,366.1,481.3,9639.7,22.0,238.7,5216.0,216.9,1047.4,5749.1,17254.9,17.6,62011.2,38989.5,48.6,54.1,Fraunhofer Energy-Charts
DE_LU,2025-01-02 18:30:00+00:00,-4.5,-3760.1,1778.2,4591.9,9719.8,4571.1,366.1,528.4,9666.1,22.3,150.0,4648.6,216.9,1043.2,5632.4,17722.3,7.4,61815.2,38453.1,49.2,54.3,Fraunhofer Energy-Charts
DE_LU,2025-01-02 18:45:00+00:00,-7.8,-3647.6,1772.8,4553.0,9683.9,4483.7,366.1,539.1,9748.4,22.5,78.9,3697.3,215.2,1040.3,5930.7,18217.4,6.8,61307.8,37152.8,50.7,54.8,Fraunhofer Energy-Charts
DE_LU,2025-01-02 19:00:00+00:00,-66.7,-4345.9,1746.2,4505.3,9668.2,4429.7,366.1,525.7,9735.3,22.6,117.6,3823.5,208.5,1044.7,5852.9,18397.8,10.9,60057.6,35796.0,51.9,55.0,Fraunhofer Energy-Charts
DE_LU,2025-01-02 19:15:00+00:00,-77.3,-4248.8,1674.5,4489.6,9671.3,4430.7,366.1,543.1,9651.0,22.6,143.1,3141.7,207.6,1049.2,5806.8,18503.4,7.8,59367.4,35049.4,52.5,55.1,Fraunhofer Energy-Charts
DE_LU,2025-01-02 19:30:00+00:00,-78.0,-4227.0,1653.4,4453.0,9751.5,4432.4,366.1,566.0,9497.2,22.7,62.3,1818.0,207.5,1050.3,5879.5,18477.5,6.7,58472.0,34108.3,53.1,55.0,Fraunhofer Energy-Charts
DE_LU,2025-01-02 19:45:00+00:00,-296.2,-4171.4,1369.0,4411.2,9769.9,4370.6,366.2,560.2,9231.6,22.7,81.7,1418.4,207.5,1050.2,5924.2,18326.8,5.9,57683.4,33426.6,53.1,55.0,Fraunhofer Energy-Charts
DE_LU,2025-01-02 20:00:00+00:00,-501.8,-2969.4,1345.7,4313.1,9727.4,4317.1,366.1,537.4,8711.5,22.7,124.8,1102.1,207.5,1039.5,5652.1,18340.4,5.7,56939.6,32941.4,53.2,55.4,Fraunhofer Energy-Charts
DE_LU,2025-01-02 20:15:00+00:00,-713.3,-2947.9,1334.3,4293.2,9719.9,4282.0,366.1,547.5,8610.7,22.8,119.6,659.1,216.7,1033.6,5619.8,18354.8,5.8,56640.3,32660.0,53.4,55.5,Fraunhofer Energy-Charts
DE_LU,2025-01-02 20:30:00+00:00,-648.7,-2882.9,1313.9,4270.7,9716.5,4266.8,366.2,547.2,8549.0,22.9,51.0,321.7,220.6,1039.8,5898.1,18266.5,5.4,56179.5,32009.5,54.0,55.6,Fraunhofer Energy-Charts
DE_LU,2025-01-02 20:45:00+00:00,-1346.2,-2895.9,1280.2,4257.9,9592.8,4252.7,366.2,555.5,8466.4,22.9,19.4,209.7,220.6,1043.3,6343.5,18314.4,5.4,55576.7,30913.5,55.3,56.2,Fraunhofer Energy-Charts
DE_LU,2025-01-02 21:00:00+00:00,-109.1,-5202.4,1311.0,4183.9,9437.0,4374.2,366.2,531.6,8417.2,23.1,116.6,1149.9,224.0,1069.3,6259.0,17743.3,0.0,55206.9,31204.6,54.6,55.8,Fraunhofer Energy-Charts
DE_LU,2025-01-02 21:15:00+00:00,-53.0,-5202.4,1361.6,4172.7,9320.2,4532.0,366.1,517.0,8306.7,23.2,64.7,408.3,239.2,1072.7,6458.0,17913.7,0.0,54633.5,30261.8,55.8,56.1,Fraunhofer Energy-Charts
DE_LU,2025-01-02 21:30:00+00:00,-142.4,-5990.7,1684.8,4171.1,9227.1,4694.6,366.2,528.5,8252.2,23.3,89.2,95.0,239.5,1073.5,6879.0,18010.4,0.0,53853.4,28964.0,58.2,56.8,Fraunhofer Energy-Charts
DE_LU,2025-01-02 21:45:00+00:00,-549.2,-5990.7,1686.4,4149.4,9071.7,4617.6,366.1,536.9,8134.4,23.4,61.4,92.3,236.4,1071.9,6780.6,17942.5,0.0,52831.1,28108.0,59.0,57.0,Fraunhofer Energy-Charts
DE_LU,2025-01-02 22:00:00+00:00,-264.5,-5952.0,1675.9,4045.3,8857.5,4483.5,366.2,534.6,7729.8,23.6,102.8,244.1,212.5,1066.3,6147.7,17973.8,0.0,52339.3,28217.8,58.2,57.3,Fraunhofer Energy-Charts
DE_LU,2025-01-02 22:15:00+00:00,-88.7,-5951.0,1659.8,4078.6,8676.6,4377.3,366.2,526.0,7616.0,23.8,71.5,116.6,208.0,1053.8,6182.1,18272.4,0.0,51037.8,26583.3,60.3,58.0,Fraunhofer Energy-Charts
DE_LU,2025-01-02 22:30:00+00:00,-245.7,-6187.6,1636.6,4026.6,8492.4,4332.0,366.2,514.8,7477.6,23.8,52.2,47.3,207.9,1069.7,6417.9,18415.1,0.0,49992.2,25159.2,62.2,58.6,Fraunhofer Energy-Charts
DE_LU,2025-01-02 22:45:00+00:00,-363.7,-6187.6,1631.6,4042.2,8256.6,3977.1,366.2,513.4,7310.6,23.8,43.3,65.4,208.0,1071.3,6419.5,18559.8,0.0,49749.5,24770.1,62.8,59.6,Fraunhofer Energy-Charts
DE_LU,2025-01-02 23:00:00+00:00,-255.3,-6968.9,1629.4,3958.4,8080.3,3896.9,373.8,673.0,7392.9,23.9,94.1,270.5,217.7,1047.2,6143.3,18470.3,0.0,48495.0,23881.4,63.5,59.3,Fraunhofer Energy-Charts
DE_LU,2025-01-02 23:15:00+00:00,-442.5,-7018.8,1604.8,3906.8,8156.6,3727.4,373.9,486.6,7476.5,24.0,37.8,56.4,219.3,1048.4,5717.2,18497.0,0.0,47911.3,23697.1,63.2,59.1,Fraunhofer Energy-Charts
DE_LU,2025-01-02 23:30:00+00:00,-850.0,-7078.8,1613.6,3956.8,8278.9,3573.5,373.9,488.8,7391.3,24.1,20.5,10.6,219.2,1048.1,5947.8,18576.5,0.0,47326.9,22802.6,64.7,59.5,Fraunhofer Energy-Charts
DE_LU,2025-01-02 23:45:00+00:00,-1252.2,-7078.8,1614.1,3958.6,8134.3,3485.9,373.9,479.8,7397.5,24.1,20.4,4.4,219.2,1049.6,5966.2,18721.8,0.0,46776.5,22088.5,65.9,59.9,Fraunhofer Energy-Charts
DE_LU,2025-01-03 00:00:00+00:00,-1276.9,-7078.3,1603.7,3952.1,8077.5,3374.1,373.9,487.8,7103.0,24.0,22.1,130.0,219.2,1049.4,6059.3,18764.5,0.0,46208.6,21384.8,66.9,60.5,Fraunhofer Energy-Charts
DE_LU,2025-01-03 00:15:00+00:00,-1448.7,-7073.5,1602.7,3946.3,8060.4,3363.5,373.9,501.8,7083.3,24.0,28.6,249.9,219.2,1057.4,5768.7,18570.3,0.0,46007.9,21668.9,66.2,60.2,Fraunhofer Energy-Charts
DE_LU,2025-01-03 00:30:00+00:00,-1967.1,-7063.5,1587.2,3888.6,8183.9,3381.0,373.9,508.7,7110.4,24.0,18.7,12.3,219.1,1044.5,5848.1,18721.5,0.0,45889.3,21319.6,66.7,60.1,Fraunhofer Energy-Charts
DE_LU,2025-01-03 00:45:00+00:00,-2188.8,-7048.5,1589.8,3917.0,8176.4,3441.8,373.9,493.2,7156.2,23.8,14.3,1.7,219.3,1046.2,6045.1,18983.5,0.0,45624.2,20595.7,68.1,60.4,Fraunhofer Energy-Charts
DE_LU,2025-01-03 01:00:00+00:00,-2294.6,-7195.7,1592.9,3921.1,8040.1,3680.8,373.9,477.3,7364.4,23.8,36.5,0.3,219.2,1048.4,6067.2,19260.6,0.0,45396.8,20069.0,69.2,60.3,Fraunhofer Energy-Charts
DE_LU,2025-01-03 01:15:00+00:00,-2852.5,-7195.7,1592.4,3857.4,8124.7,3632.4,373.9,468.2,7392.2,23.7,21.5,0.2,219.2,1052.9,6258.5,19405.3,0.0,45423.4,19759.6,69.7,60.4,Fraunhofer Energy-Charts
DE_LU,2025-01-03 01:30:00+00:00,-3785.3,-6953.2,1607.4,3920.1,8150.6,3640.7,373.9,479.8,7380.6,23.6,24.3,0.5,219.2,1040.6,6113.5,19772.4,0.0,45630.1,19744.1,70.0,60.6,Fraunhofer Energy-Charts
DE_LU,2025-01-03 01:45:00+00:00,-4269.5,-6938.2,1606.0,3916.2,8160.0,3614.2,373.9,460.4,7408.9,23.6,20.1,1.8,219.2,1044.3,6247.3,20011.9,0.0,45848.4,19589.2,70.5,60.9,Fraunhofer Energy-Charts
DE_LU,2025-01-03 02:00:00+00:00,-4882.7,-6178.2,1611.9,3899.7,8124.6,3676.2,373.9,447.9,7461.4,23.7,35.9,1.5,219.2,1048.4,5934.4,19970.2,0.0,46008.3,20103.7,69.5,60.5,Fraunhofer Energy-Charts
DE_LU,2025-01-03 02:15:00+00:00,-4978.6,-6178.2,1613.5,3886.2,7976.5,3688.1,373.9,433.0,7561.8,23.6,26.2,112.4,219.2,1046.0,5749.4,20036.5,0.0,45788.9,20003.1,69.5,60.5,Fraunhofer Energy-Charts
DE_LU,2025-01-03 02:30:00+00:00,-5219.4,-5938.8,1613.5,3850.0,7939.2,3691.9,373.9,458.3,7570.2,23.6,19.8,0.3,219.3,1060.5,5806.0,20206.8,0.0,45741.7,19728.8,70.0,60.6,Fraunhofer Energy-Charts
DE_LU,2025-01-03 02:45:00+00:00,-5595.9,-5946.9,1606.9,3789.9,7966.7,3704.9,373.9,470.6,7556.4,23.6,16.9,0.3,219.2,1048.1,5754.2,20862.2,0.0,45894.4,19277.9,70.9,61.0,Fraunhofer Energy-Charts
DE_LU,2025-01-03 03:00:00+00:00,-5598.4,-5829.1,1620.0,3892.4,7886.2,3795.4,373.9,477.6,7621.2,23.3,17.0,0.3,219.2,1048.4,5270.7,21656.8,0.0,46688.3,19760.8,70.6,61.2,Fraunhofer Energy-Charts
DE_LU,2025-01-03 03:15:00+00:00,-5556.6,-5835.2,1614.2,3862.5,7946.5,3771.1,373.9,490.9,7725.5,23.2,18.3,0.2,219.0,1050.5,5153.7,22221.3,0.0,47175.4,19800.4,70.8,61.3,Fraunhofer Energy-Charts
DE_LU,2025-01-03 03:30:00+00:00,-5900.2,-5826.0,1615.7,3867.9,7786.2,3761.3,373.9,489.5,7710.2,23.2,14.8,0.2,219.1,1036.5,5171.5,22940.2,9.9,47136.2,19014.6,72.4,62.0,Fraunhofer Energy-Charts
DE_LU,2025-01-03 03:45:00+00:00,-6062.0,-5826.0,1615.3,3855.6,7602.6,3752.6,373.9,475.8,7791.5,23.1,14.1,0.2,219.2,1046.4,5149.7,23331.2,8.3,47603.7,19114.5,72.5,62.4,Fraunhofer Energy-Charts
DE_LU,2025-01-03 04:00:00+00:00,-5559.0,-6755.2,1618.3,3881.2,7580.7,3780.1,373.9,466.2,7856.1,23.1,30.3,0.2,219.2,1057.2,4429.2,23673.7,7.3,48094.5,19984.3,71.0,62.1,Fraunhofer Energy-Charts
DE_LU,2025-01-03 04:15:00+00:00,-5626.5,-6810.2,1625.5,3928.7,7798.5,3778.2,373.9,468.4,7993.7,23.1,19.5,1.7,218.9,1055.3,4263.2,24378.6,9.3,48682.0,20030.9,71.4,62.1,Fraunhofer Energy-Charts
DE_LU,2025-01-03 04:30:00+00:00,-5451.5,-6951.1,1628.6,3941.6,7897.9,3788.4,373.9,471.4,8048.9,23.1,21.3,1.6,218.9,1054.3,4226.2,25231.9,8.9,49577.8,20110.8,71.8,62.5,Fraunhofer Energy-Charts
DE_LU,2025-01-03 04:45:00+00:00,-5291.9,-6951.1,1638.4,3940.2,7988.2,3803.3,373.9,474.2,8235.2,23.0,76.0,35.6,218.7,1060.4,4168.9,25677.7,9.1,50420.2,20564.5,71.5,62.5,Fraunhofer Energy-Charts
DE_LU,2025-01-03 05:00:00+00:00,-5286.8,-6431.4,1667.4,4026.0,7934.3,3747.5,373.8,472.1,8665.5,22.9,16.1,17.5,212.0,1056.6,2997.6,27359.6,14.0,51510.7,21139.6,71.1,62.5,Fraunhofer Energy-Charts
DE_LU,2025-01-03 05:15:00+00:00,-5172.4,-6431.4,1666.9,4052.9,7943.4,3733.9,373.9,471.2,8610.4,22.2,13.7,1.5,211.4,1062.4,2862.3,27909.6,13.6,52110.9,21325.4,71.1,62.8,Fraunhofer Energy-Charts
DE_LU,2025-01-03 05:30:00+00:00,-4576.7,-6643.4,1665.7,4062.1,7883.1,3749.6,373.9,468.2,8671.8,22.3,20.1,0.3,211.4,1057.6,2815.9,28732.4,14.5,53010.8,21447.9,71.4,63.3,Fraunhofer Energy-Charts
DE_LU,2025-01-03 05:45:00+00:00,-3892.5,-6643.4,1672.7,4086.7,7836.5,3757.6,373.9,457.6,8433.6,22.2,56.3,157.5,211.3,1053.8,2795.3,29285.3,11.9,53973.4,21881.0,71.2,64.0,Fraunhofer Energy-Charts
DE_LU,2025-01-03 06:00:00+00:00,-2833.8,-5525.0,1681.5,4191.9,7762.7,3754.9,373.9,473.6,8228.6,22.2,141.7,9.5,211.4,1051.4,1603.1,29669.4,16.9,54776.2,23486.7,69.1,63.9,Fraunhofer Energy-Charts
DE_LU,2025-01-03 06:15:00+00:00,-2643.1,-5525.0,1688.8,4221.1,7792.5,3747.6,373.9,463.0,8140.9,22.2,44.3,3.6,211.1,1057.8,1578.7,30341.9,16.5,55349.8,23412.8,69.4,64.3,Fraunhofer Energy-Charts
DE_LU,2025-01-03 06:30:00+00:00,-2074.2,-5630.0,1696.5,4232.4,7802.7,3787.5,373.9,457.8,8104.5,22.2,117.7,13.4,211.1,1045.0,1661.9,30648.7,17.7,56541.6,24213.3,68.8,64.6,Fraunhofer Energy-Charts
DE_LU,2025-01-03 06:45:00+00:00,-2308.8,-5630.0,1700.5,4243.0,7828.1,3874.9,373.9,467.1,8178.6,22.2,79.6,59.3,211.1,1042.7,1750.4,31395.4,20.0,57584.6,24418.9,69.0,64.9,Fraunhofer Energy-Charts
DE_LU,2025-01-03 07:00:00+00:00,-1400.4,-7392.6,1701.2,4308.2,7704.0,4121.8,373.9,473.3,8393.5,22.2,73.6,382.2,211.2,1051.2,1671.3,31884.5,21.5,58568.4,24991.1,68.6,64.8,Fraunhofer Energy-Charts
DE_LU,2025-01-03 07:15:00+00:00,-1023.7,-7392.6,1716.7,4328.5,7539.8,4227.5,373.8,466.9,8461.1,22.2,47.4,263.1,211.1,1042.9,1614.1,32481.9,35.8,58871.0,24739.2,69.2,65.1,Fraunhofer Energy-Charts
DE_LU,2025-01-03 07:30:00+00:00,-949.5,-7392.6,1721.5,4341.3,7418.6,4258.3,373.8,473.2,8504.3,22.2,51.7,366.6,211.1,1038.3,1559.5,32710.3,173.3,59255.4,24812.4,69.3,65.3,Fraunhofer Energy-Charts
DE_LU,2025-01-03 07:45:00+00:00,-765.7,-7392.6,1724.3,4349.7,7502.0,4282.1,373.9,467.1,8513.1,22.2,105.5,422.3,211.1,1037.6,1540.0,32864.4,435.5,59802.1,24962.2,69.5,65.5,Fraunhofer Energy-Charts
DE_LU,2025-01-03 08:00:00+00:00,-631.1,-7769.1,1721.1,4337.7,7414.9,4320.2,373.9,476.2,8717.0,22.2,66.3,225.4,211.1,1031.2,1968.9,32805.5,797.5,60278.0,24706.1,70.0,65.7,Fraunhofer Energy-Charts
DE_LU,2025-01-03 08:15:00+00:00,-951.2,-7769.1,1721.1,4328.7,7426.8,4323.4,373.9,462.1,8588.0,22.2,57.8,292.4,211.1,1035.5,2003.3,32774.8,1217.7,60553.7,24557.9,70.4,66.0,Fraunhofer Energy-Charts
DE_LU,2025-01-03 08:30:00+00:00,-1007.7,-7771.8,1733.8,4304.0,7486.8,4351.8,373.9,459.4,8430.6,22.2,75.7,310.8,211.1,1044.3,2007.3,32929.6,1734.5,60766.9,24095.6,71.3,66.5,Fraunhofer Energy-Charts
DE_LU,2025-01-03 08:45:00+00:00,-1150.2,-7771.8,1723.3,4294.0,7474.8,4459.7,373.9,474.6,8455.9,22.2,29.7,177.7,211.0,1041.9,1903.4,32910.7,2350.3,61163.0,23998.6,71.5,66.5,Fraunhofer Energy-Charts
DE_LU,2025-01-03 09:00:00+00:00,-353.7,-10208.8,1817.2,4250.8,7450.5,4646.6,373.9,469.0,8469.3,22.2,155.9,502.3,211.0,1041.4,1476.0,33335.4,2980.4,61349.8,23558.0,72.6,66.8,Fraunhofer Energy-Charts
DE_LU,2025-01-03 09:15:00+00:00,-497.5,-10208.8,1777.5,4153.3,7422.2,4638.0,373.9,469.6,8395.7,22.2,78.0,95.9,211.0,1055.4,1441.5,33558.8,3565.4,61888.9,23323.2,72.9,67.1,Fraunhofer Energy-Charts
DE_LU,2025-01-03 09:30:00+00:00,-1205.3,-10208.9,1704.8,4154.2,7629.3,4561.4,373.9,470.6,8372.4,22.2,20.6,4.3,210.9,1056.5,1426.7,34056.2,4241.7,62197.1,22472.4,74.2,67.5,Fraunhofer Energy-Charts
DE_LU,2025-01-03 09:45:00+00:00,-1556.3,-10208.9,1734.8,4176.9,7702.2,4536.1,373.9,469.8,8482.7,22.1,128.5,8.6,211.0,1060.6,1367.9,34285.5,4861.6,62054.2,21539.3,75.9,67.8,Fraunhofer Energy-Charts
DE_LU,2025-01-03 10:00:00+00:00,-2160.4,-9199.0,1764.8,4134.6,7671.1,4631.6,373.8,475.4,8579.8,22.1,120.1,73.7,210.9,1051.6,1100.2,34649.3,5397.9,62342.3,21194.9,76.5,68.0,Fraunhofer Energy-Charts
DE_LU,2025-01-03 10:15:00+00:00,-2502.6,-9199.0,1751.9,4126.4,7498.5,4568.8,373.9,472.1,8510.7,21.4,91.4,72.2,210.9,1045.6,1110.2,35177.7,5898.1,62850.2,20664.2,77.4,68.7,Fraunhofer Energy-Charts
DE_LU,2025-01-03 10:30:00+00:00,-2451.0,-9199.0,1723.3,4117.7,7502.2,4585.0,373.9,477.8,8439.4,20.1,25.5,25.4,210.9,1042.8,1094.2,35361.6,6196.7,62740.1,20087.7,78.2,68.9,Fraunhofer Energy-Charts
DE_LU,2025-01-03 10:45:00+00:00,-2599.5,-9199.0,1713.9,4111.8,7471.4,4580.3,373.8,468.5,8406.3,20.2,27.1,27.0,210.7,1050.7,1129.3,35233.2,6282.9,63357.3,20711.8,77.4,69.0,Fraunhofer Energy-Charts
DE_LU,2025-01-03 11:00:00+00:00,-2812.4,-7776.8,1703.0,4006.6,7257.1,4589.5,373.9,463.9,8328.1,20.2,19.3,26.3,209.1,1057.0,947.9,35183.5,6340.3,63869.1,21397.4,76.3,69.1,Fraunhofer Energy-Charts
DE_LU,2025-01-03 11:15:00+00:00,-2971.9,-7776.8,1705.6,4025.2,7225.1,4602.0,373.9,458.3,8287.4,20.2,24.8,24.7,209.2,1056.7,912.8,35021.6,6286.5,63639.8,21418.9,76.2,69.1,Fraunhofer Energy-Charts
DE_LU,2025-01-03 11:30:00+00:00,-3228.0,-7825.3,1697.6,4004.6,7104.5,4648.4,373.9,471.2,8322.6,20.2,16.4,20.3,209.2,1055.3,913.1,34917.1,6216.4,63054.6,21008.1,76.6,69.0,Fraunhofer Energy-Charts
DE_LU,2025-01-03 11:45:00+00:00,-2614.1,-7825.3,1701.0,4034.4,7043.6,4614.6,373.9,462.9,8311.2,20.9,69.5,26.0,209.0,1056.3,891.1,34561.6,6115.4,63081.5,21513.5,75.9,69.0,Fraunhofer Energy-Charts
DE_LU,2025-01-03 12:00:00+00:00,-3001.9,-7639.0,1694.1,4009.3,6945.8,4543.4,373.9,462.1,8214.3,21.2,10.8,10.5,209.1,1062.3,1354.1,34201.6,5926.4,62843.9,21361.7,75.9,69.1,Fraunhofer Energy-Charts
DE_LU,2025-01-03 12:15:00+00:00,-2913.6,-7639.0,1681.9,3977.3,6831.9,4521.7,373.9,458.3,8204.7,21.6,14.6,12.1,209.1,1074.1,1429.7,34301.9,5768.5,62496.9,20996.8,76.3,69.3,Fraunhofer Energy-Charts
DE_LU,2025-01-03 12:30:00+00:00,-2808.2,-7601.6,1685.7,4003.5,6995.8,4526.0,373.9,460.7,8209.4,21.7,125.9,120.0,209.3,1067.2,1381.5,34076.8,5496.6,62366.2,21411.3,75.8,68.9,Fraunhofer Energy-Charts
DE_LU,2025-01-03 12:45:00+00:00,-2234.4,-7601.6,1689.4,4015.0,6989.4,4498.7,373.9,463.9,8097.2,21.9,34.6,97.4,209.2,1062.3,1425.0,33636.2,5168.1,61778.7,21549.4,75.3,68.7,Fraunhofer Energy-Charts
DE_LU,2025-01-03 13:00:00+00:00,-2700.0,-6509.3,1688.8,4038.3,6908.5,4448.3,373.9,480.1,7624.7,22.0,11.3,5.3,211.9,1070.9,3040.3,32969.9,4585.2,62703.3,22107.9,74.7,69.5,Fraunhofer Energy-Charts
DE_LU,2025-01-03 13:15:00+00:00,-2134.9,-6509.3,1691.4,4042.2,6912.0,4336.5,373.9,490.9,7539.3,22.2,17.4,129.9,213.0,1062.0,3382.0,32626.8,4031.0,62109.1,22069.3,74.6,69.4,Fraunhofer Energy-Charts
DE_LU,2025-01-03 13:30:00+00:00,-1480.7,-6514.4,1726.1,4058.4,6937.4,4319.7,373.9,508.5,7536.4,22.3,31.0,28.3,213.0,1063.8,3453.9,32378.8,3472.0,61883.3,22578.7,73.8,69.1,Fraunhofer Energy-Charts
DE_LU,2025-01-03 13:45:00+00:00,-991.5,-6514.4,1729.4,4101.3,6820.3,4364.6,373.9,503.9,7606.2,22.3,17.2,87.8,212.8,1055.3,3459.0,31847.4,2915.2,61491.8,23270.2,72.5,68.6,Fraunhofer Energy-Charts
DE_LU,2025-01-03 14:00:00+00:00,-2210.3,-6113.8,1721.4,4143.8,7089.1,4401.5,373.8,493.5,7806.0,22.2,97.5,87.6,212.9,1053.4,3838.2,31431.4,2343.4,62276.1,24663.1,70.8,67.8,Fraunhofer Energy-Charts
DE_LU,2025-01-03 14:15:00+00:00,-1899.8,-6113.8,1729.0,4168.8,7272.8,4523.8,373.9,491.2,7891.0,22.3,84.6,224.0,212.9,1065.5,3995.3,31187.3,1767.2,62083.6,25133.9,70.0,67.1,Fraunhofer Energy-Charts
DE_LU,2025-01-03 14:30:00+00:00,-1287.8,-6072.1,1712.8,4196.2,7265.1,4629.5,373.8,491.8,7882.8,22.2,34.7,247.0,212.9,1071.3,4031.0,31320.7,1195.0,62018.7,25472.0,69.4,66.8,Fraunhofer Energy-Charts
DE_LU,2025-01-03 14:45:00+00:00,-1282.1,-6072.1,1733.2,4248.8,7393.2,4722.9,373.9,484.9,7917.2,22.2,35.0,147.8,212.8,1055.6,4072.4,30909.8,684.4,62231.4,26564.9,67.8,66.1,Fraunhofer Energy-Charts
DE_LU,2025-01-03 15:00:00+00:00,-1326.3,-5752.6,1745.1,4354.8,7843.3,4690.6,373.8,486.5,8149.7,22.3,19.6,237.6,212.8,1027.0,4504.2,30302.7,307.2,62477.8,27363.7,66.8,65.2,Fraunhofer Energy-Charts
DE_LU,2025-01-03 15:15:00+00:00,-690.4,-5759.3,1749.6,4397.9,8241.4,4758.8,373.9,486.7,8030.8,22.3,65.4,269.4,212.9,1020.6,4651.9,29877.4,92.8,62505.8,27883.7,66.1,64.6,Fraunhofer Energy-Charts
DE_LU,2025-01-03 15:30:00+00:00,-677.4,-5804.3,1773.1,4465.8,8287.0,4878.1,373.8,480.6,8023.0,22.3,53.5,466.9,212.9,1021.0,4891.7,29938.0,24.3,63335.7,28481.8,65.8,64.6,Fraunhofer Energy-Charts
DE_LU,2025-01-03 15:45:00+00:00,-637.6,-5804.3,1772.6,4497.8,8278.3,4963.8,373.8,475.0,8095.2,22.3,74.1,864.9,212.9,1026.2,4928.9,29767.5,13.8,64050.1,29340.0,64.9,64.4,Fraunhofer Energy-Charts
DE_LU,2025-01-03 16:00:00+00:00,-369.6,-6093.7,1770.9,4529.3,8397.3,4967.2,373.9,478.4,8508.1,22.4,148.6,985.3,212.8,1023.5,5231.1,29246.5,10.4,65104.1,30616.2,63.7,63.8,Fraunhofer Energy-Charts
DE_LU,2025-01-03 16:15:00+00:00,-325.2,-6127.5,1756.7,4556.8,8414.5,4924.6,374.0,488.9,8566.6,22.4,154.0,1679.5,213.0,1029.6,5274.9,28813.6,10.9,65524.0,31424.6,62.7,63.6,Fraunhofer Energy-Charts
DE_LU,2025-01-03 16:30:00+00:00,-305.2,-6354.1,1758.7,4579.0,8569.5,4954.9,374.2,493.3,8573.2,22.5,71.4,2150.8,213.1,1032.4,5228.6,28779.7,9.9,65501.6,31483.3,62.5,63.3,Fraunhofer Energy-Charts
DE_LU,2025-01-03 16:45:00+00:00,-159.3,-6354.1,1783.1,4607.3,8552.8,4994.2,374.2,494.8,8571.3,22.5,281.8,2713.7,213.0,1026.3,5049.6,27951.2,10.4,65317.2,32306.1,61.5,62.9,Fraunhofer Energy-Charts
DE_LU,2025-01-03 17:00:00+00:00,-150.2,-6681.3,1779.0,4610.8,8525.5,4862.0,374.5,487.9,8578.9,22.5,260.6,3248.9,212.8,1018.6,4870.5,27264.4,12.3,64906.7,32759.5,60.6,62.5,Fraunhofer Energy-Charts
DE_LU,2025-01-03 17:15:00+00:00,-118.4,-6681.3,1780.4,4643.9,8517.7,4808.5,374.4,494.6,8564.0,22.5,211.3,2797.1,212.8,1027.0,5029.3,27238.8,12.6,64406.5,32125.9,61.2,62.6,Fraunhofer Energy-Charts
DE_LU,2025-01-03 17:30:00+00:00,-15.5,-6681.3,1850.6,4640.2,8546.2,4785.3,374.1,513.9,8616.4,22.5,211.6,2750.7,212.9,1033.2,5159.0,27288.6,11.4,64191.1,31732.2,61.8,62.7,Fraunhofer Energy-Charts
DE_LU,2025-01-03 17:45:00+00:00,-9.2,-6680.3,1849.2,4657.3,8651.4,4884.8,374.4,499.3,8635.3,22.6,196.2,3190.4,212.9,1033.5,5230.3,26774.4,14.1,64138.9,32120.1,61.2,62.2,Fraunhofer Energy-Charts
DE_LU,2025-01-03 18:00:00+00:00,-9.2,-7802.2,1767.2,4620.6,9051.2,4901.2,374.5,520.0,8445.3,22.6,95.3,2820.6,213.1,1027.0,5461.6,26703.5,9.0,63796.4,31622.2,61.4,62.0,Fraunhofer Energy-Charts
DE_LU,2025-01-03 18:15:00+00:00,-10.6,-7802.2,1766.2,4612.3,9101.7,4834.2,374.3,528.8,8140.6,22.7,69.5,2179.1,213.1,1018.5,5890.0,26157.0,8.5,63127.5,31072.1,61.8,62.2,Fraunhofer Energy-Charts
DE_LU,2025-01-03 18:30:00+00:00,-9.6,-7784.7,1765.1,4579.2,9168.2,4773.9,374.4,532.9,7914.0,22.7,69.1,1867.0,213.1,1015.3,6254.2,26116.7,8.5,62565.3,30185.8,62.8,62.6,Fraunhofer Energy-Charts
DE_LU,2025-01-03 18:45:00+00:00,-37.3,-7780.9,1769.7,4532.3,9423.5,4761.1,374.4,554.5,7846.9,22.7,51.9,1734.0,213.2,1026.9,6261.9,26361.7,8.9,62043.7,29411.3,63.7,62.5,Fraunhofer Energy-Charts
DE_LU,2025-01-03 19:00:00+00:00,-349.7,-7924.1,1739.9,4364.1,9407.3,4773.4,374.4,566.8,7803.0,22.7,49.1,1622.9,213.0,1028.4,6546.2,26100.1,7.4,61089.8,28436.1,64.4,62.4,Fraunhofer Energy-Charts
DE_LU,2025-01-03 19:15:00+00:00,-111.8,-7923.9,1706.0,4382.7,9566.9,4758.7,374.4,572.2,7605.6,22.7,51.0,977.0,213.0,1028.3,6276.3,25786.1,6.3,60405.0,28336.3,64.1,62.1,Fraunhofer Energy-Charts
DE_LU,2025-01-03 19:30:00+00:00,-403.0,-7918.2,1694.6,4341.8,9631.5,4757.8,374.5,593.0,7531.8,22.7,55.8,782.7,213.0,1025.8,6116.3,25337.2,6.4,59709.8,28249.8,63.7,61.7,Fraunhofer Energy-Charts
DE_LU,2025-01-03 19:45:00+00:00,-611.7,-7914.7,1663.5,4269.6,9833.4,4860.8,374.5,550.7,7466.9,22.8,19.7,272.2,214.7,1026.5,6433.3,25185.5,7.1,59138.6,27512.7,64.4,61.5,Fraunhofer Energy-Charts
DE_LU,2025-01-03 20:00:00+00:00,-241.8,-7795.4,1639.9,4191.7,10119.7,4920.9,374.5,545.0,7199.5,22.8,15.6,145.4,218.8,1024.7,6410.3,25595.3,6.5,58824.8,26812.7,65.2,61.6,Fraunhofer Energy-Charts
DE_LU,2025-01-03 20:15:00+00:00,-273.7,-7795.4,1633.8,4143.0,10169.5,4934.0,374.5,555.6,7131.9,22.8,21.1,223.4,218.9,1030.3,5867.1,25960.4,6.6,58526.3,26692.2,65.2,61.5,Fraunhofer Energy-Charts
DE_LU,2025-01-03 20:30:00+00:00,-579.4,-7696.5,1650.0,4147.6,10376.6,4925.9,374.5,536.5,7014.2,22.9,31.3,169.1,218.9,1029.3,5779.3,25873.7,7.7,58076.0,26415.3,65.4,61.3,Fraunhofer Energy-Charts
DE_LU,2025-01-03 20:45:00+00:00,-782.8,-7696.5,1655.8,4082.4,10424.8,4952.1,374.5,506.4,6994.0,22.9,41.0,38.2,218.8,1027.6,5487.0,25494.5,6.8,57247.1,26258.8,65.1,60.8,Fraunhofer Energy-Charts
DE_LU,2025-01-03 21:00:00+00:00,-1906.6,-7847.8,1675.3,4064.3,10380.2,4851.4,374.5,534.5,6987.3,23.0,67.4,328.6,218.9,1034.1,5260.7,24686.3,0.0,56470.3,26523.3,64.2,60.3,Fraunhofer Energy-Charts
DE_LU,2025-01-03 21:15:00+00:00,-265.6,-7867.7,1659.6,4059.2,10335.9,4828.2,374.5,526.1,6922.7,23.1,36.9,181.2,219.1,925.8,5457.2,24359.3,0.0,55837.1,26020.6,64.5,60.3,Fraunhofer Energy-Charts
DE_LU,2025-01-03 21:30:00+00:00,-287.3,-8064.7,1655.9,4033.3,10348.4,4770.6,374.5,518.1,6622.3,23.2,38.3,291.2,219.1,926.1,5632.3,23941.7,0.0,55120.8,25546.8,64.9,60.5,Fraunhofer Energy-Charts
DE_LU,2025-01-03 21:45:00+00:00,-285.6,-8063.7,1657.3,4013.7,10444.2,4703.1,374.6,510.3,6377.5,23.2,50.8,345.8,219.1,918.1,4885.3,23693.5,0.0,54461.3,25882.5,63.8,60.1,Fraunhofer Energy-Charts
DE_LU,2025-01-03 22:00:00+00:00,-1490.1,-7060.6,1649.2,3970.9,10902.7,4598.4,374.6,505.5,6002.4,23.3,100.4,938.5,219.1,908.6,4415.2,23495.1,0.0,53908.4,25998.1,63.2,59.6,Fraunhofer Energy-Charts
DE_LU,2025-01-03 22:15:00+00:00,-1430.7,-7060.6,1640.5,4001.1,11012.9,4546.0,374.6,506.8,5962.5,23.4,52.7,924.2,219.0,914.9,4328.0,23092.0,0.0,53195.5,25775.5,63.1,59.2,Fraunhofer Energy-Charts
DE_LU,2025-01-03 22:30:00+00:00,-1507.6,-7026.1,1648.1,4011.5,10993.9,4531.5,374.6,501.0,5961.7,23.4,53.7,883.9,219.0,921.0,4336.9,22954.8,0.0,52473.9,25182.2,63.8,59.2,Fraunhofer Energy-Charts
DE_LU,2025-01-03 22:45:00+00:00,-1506.9,-6989.7,1649.2,4019.4,10645.8,4504.1,374.5,500.4,5747.8,23.3,56.1,689.2,219.1,923.2,4097.1,22754.6,0.0,51412.8,24561.1,64.3,59.5,Fraunhofer Energy-Charts
